[0.073s] DEBUG:colcon:Command line arguments: ['/usr/bin/colcon', 'build']
[0.073s] DEBUG:colcon:Parsed command line arguments: Namespace(log_base=None, log_level=None, verb_name='build', build_base='build', install_base='install', merge_install=False, symlink_install=False, test_result_base=None, continue_on_error=False, executor='parallel', parallel_workers=16, event_handlers=None, ignore_user_meta=False, metas=['./colcon.meta'], base_paths=['.'], packages_ignore=None, packages_ignore_regex=None, paths=None, packages_up_to=None, packages_up_to_regex=None, packages_above=None, packages_above_and_dependencies=None, packages_above_depth=None, packages_select_by_dep=None, packages_skip_by_dep=None, packages_skip_up_to=None, packages_select_build_failed=False, packages_skip_build_finished=False, packages_select_test_failures=False, packages_skip_test_passed=False, packages_select=None, packages_skip=None, packages_select_regex=None, packages_skip_regex=None, packages_start=None, packages_end=None, cmake_args=None, cmake_target=None, cmake_target_skip_unavailable=False, cmake_clean_cache=False, cmake_clean_first=False, cmake_force_configure=False, ament_cmake_args=None, catkin_cmake_args=None, catkin_skip_building_tests=False, mixin_files=None, mixin=None, verb_parser=<colcon_mixin.mixin.mixin_argument.MixinArgumentDecorator object at 0x73c84e1bc3b0>, verb_extension=<colcon_core.verb.build.BuildVerb object at 0x73c84e287440>, main=<bound method BuildVerb.main of <colcon_core.verb.build.BuildVerb object at 0x73c84e287440>>, mixin_verb=('build',))
[0.102s] Level 1:colcon.colcon_core.package_discovery:discover_packages(colcon_meta) check parameters
[0.102s] Level 1:colcon.colcon_core.package_discovery:discover_packages(recursive) check parameters
[0.102s] Level 1:colcon.colcon_core.package_discovery:discover_packages(ignore) check parameters
[0.102s] Level 1:colcon.colcon_core.package_discovery:discover_packages(path) check parameters
[0.102s] Level 1:colcon.colcon_core.package_discovery:discover_packages(colcon_meta) discover
[0.102s] Level 1:colcon.colcon_core.package_discovery:discover_packages(recursive) discover
[0.102s] INFO:colcon.colcon_core.package_discovery:Crawling recursively for packages in '/home/ws'
[0.102s] Level 1:colcon.colcon_core.package_identification:_identify(.) by extensions ['ignore', 'ignore_ament_install']
[0.102s] Level 1:colcon.colcon_core.package_identification:_identify(.) by extension 'ignore'
[0.102s] Level 1:colcon.colcon_core.package_identification:_identify(.) by extension 'ignore_ament_install'
[0.102s] Level 1:colcon.colcon_core.package_identification:_identify(.) by extensions ['colcon_pkg']
[0.102s] Level 1:colcon.colcon_core.package_identification:_identify(.) by extension 'colcon_pkg'
[0.102s] Level 1:colcon.colcon_core.package_identification:_identify(.) by extensions ['colcon_meta']
[0.102s] Level 1:colcon.colcon_core.package_identification:_identify(.) by extension 'colcon_meta'
[0.102s] Level 1:colcon.colcon_core.package_identification:_identify(.) by extensions ['ros']
[0.102s] Level 1:colcon.colcon_core.package_identification:_identify(.) by extension 'ros'
[0.121s] Level 1:colcon.colcon_core.package_identification:_identify(.) by extensions ['cmake', 'python']
[0.122s] Level 1:colcon.colcon_core.package_identification:_identify(.) by extension 'cmake'
[0.122s] Level 1:colcon.colcon_core.package_identification:_identify(.) by extension 'python'
[0.122s] Level 1:colcon.colcon_core.package_identification:_identify(.) by extensions ['python_setup_py']
[0.122s] Level 1:colcon.colcon_core.package_identification:_identify(.) by extension 'python_setup_py'
[0.122s] Level 1:colcon.colcon_core.package_identification:_identify(build) by extensions ['ignore', 'ignore_ament_install']
[0.122s] Level 1:colcon.colcon_core.package_identification:_identify(build) by extension 'ignore'
[0.122s] Level 1:colcon.colcon_core.package_identification:_identify(build) ignored
[0.122s] Level 1:colcon.colcon_core.package_identification:_identify(install) by extensions ['ignore', 'ignore_ament_install']
[0.122s] Level 1:colcon.colcon_core.package_identification:_identify(install) by extension 'ignore'
[0.122s] Level 1:colcon.colcon_core.package_identification:_identify(install) ignored
[0.122s] Level 1:colcon.colcon_core.package_identification:_identify(log) by extensions ['ignore', 'ignore_ament_install']
[0.122s] Level 1:colcon.colcon_core.package_identification:_identify(log) by extension 'ignore'
[0.122s] Level 1:colcon.colcon_core.package_identification:_identify(log) ignored
[0.122s] Level 1:colcon.colcon_core.package_identification:_identify(src) by extensions ['ignore', 'ignore_ament_install']
[0.122s] Level 1:colcon.colcon_core.package_identification:_identify(src) by extension 'ignore'
[0.122s] Level 1:colcon.colcon_core.package_identification:_identify(src) by extension 'ignore_ament_install'
[0.122s] Level 1:colcon.colcon_core.package_identification:_identify(src) by extensions ['colcon_pkg']
[0.122s] Level 1:colcon.colcon_core.package_identification:_identify(src) by extension 'colcon_pkg'
[0.122s] Level 1:colcon.colcon_core.package_identification:_identify(src) by extensions ['colcon_meta']
[0.122s] Level 1:colcon.colcon_core.package_identification:_identify(src) by extension 'colcon_meta'
[0.122s] Level 1:colcon.colcon_core.package_identification:_identify(src) by extensions ['ros']
[0.122s] Level 1:colcon.colcon_core.package_identification:_identify(src) by extension 'ros'
[0.123s] Level 1:colcon.colcon_core.package_identification:_identify(src) by extensions ['cmake', 'python']
[0.123s] Level 1:colcon.colcon_core.package_identification:_identify(src) by extension 'cmake'
[0.123s] Level 1:colcon.colcon_core.package_identification:_identify(src) by extension 'python'
[0.123s] Level 1:colcon.colcon_core.package_identification:_identify(src) by extensions ['python_setup_py']
[0.123s] Level 1:colcon.colcon_core.package_identification:_identify(src) by extension 'python_setup_py'
[0.123s] Level 1:colcon.colcon_core.package_identification:_identify(src/linorobot2) by extensions ['ignore', 'ignore_ament_install']
[0.123s] Level 1:colcon.colcon_core.package_identification:_identify(src/linorobot2) by extension 'ignore'
[0.123s] Level 1:colcon.colcon_core.package_identification:_identify(src/linorobot2) by extension 'ignore_ament_install'
[0.123s] Level 1:colcon.colcon_core.package_identification:_identify(src/linorobot2) by extensions ['colcon_pkg']
[0.123s] Level 1:colcon.colcon_core.package_identification:_identify(src/linorobot2) by extension 'colcon_pkg'
[0.123s] Level 1:colcon.colcon_core.package_identification:_identify(src/linorobot2) by extensions ['colcon_meta']
[0.123s] Level 1:colcon.colcon_core.package_identification:_identify(src/linorobot2) by extension 'colcon_meta'
[0.123s] Level 1:colcon.colcon_core.package_identification:_identify(src/linorobot2) by extensions ['ros']
[0.123s] Level 1:colcon.colcon_core.package_identification:_identify(src/linorobot2) by extension 'ros'
[0.123s] Level 1:colcon.colcon_core.package_identification:_identify(src/linorobot2) by extensions ['cmake', 'python']
[0.123s] Level 1:colcon.colcon_core.package_identification:_identify(src/linorobot2) by extension 'cmake'
[0.123s] Level 1:colcon.colcon_core.package_identification:_identify(src/linorobot2) by extension 'python'
[0.123s] Level 1:colcon.colcon_core.package_identification:_identify(src/linorobot2) by extensions ['python_setup_py']
[0.123s] Level 1:colcon.colcon_core.package_identification:_identify(src/linorobot2) by extension 'python_setup_py'
[0.123s] Level 1:colcon.colcon_core.package_identification:_identify(src/linorobot2/docker) by extensions ['ignore', 'ignore_ament_install']
[0.123s] Level 1:colcon.colcon_core.package_identification:_identify(src/linorobot2/docker) by extension 'ignore'
[0.123s] Level 1:colcon.colcon_core.package_identification:_identify(src/linorobot2/docker) by extension 'ignore_ament_install'
[0.123s] Level 1:colcon.colcon_core.package_identification:_identify(src/linorobot2/docker) by extensions ['colcon_pkg']
[0.123s] Level 1:colcon.colcon_core.package_identification:_identify(src/linorobot2/docker) by extension 'colcon_pkg'
[0.123s] Level 1:colcon.colcon_core.package_identification:_identify(src/linorobot2/docker) by extensions ['colcon_meta']
[0.123s] Level 1:colcon.colcon_core.package_identification:_identify(src/linorobot2/docker) by extension 'colcon_meta'
[0.123s] Level 1:colcon.colcon_core.package_identification:_identify(src/linorobot2/docker) by extensions ['ros']
[0.123s] Level 1:colcon.colcon_core.package_identification:_identify(src/linorobot2/docker) by extension 'ros'
[0.124s] Level 1:colcon.colcon_core.package_identification:_identify(src/linorobot2/docker) by extensions ['cmake', 'python']
[0.124s] Level 1:colcon.colcon_core.package_identification:_identify(src/linorobot2/docker) by extension 'cmake'
[0.124s] Level 1:colcon.colcon_core.package_identification:_identify(src/linorobot2/docker) by extension 'python'
[0.124s] Level 1:colcon.colcon_core.package_identification:_identify(src/linorobot2/docker) by extensions ['python_setup_py']
[0.124s] Level 1:colcon.colcon_core.package_identification:_identify(src/linorobot2/docker) by extension 'python_setup_py'
[0.124s] Level 1:colcon.colcon_core.package_identification:_identify(src/linorobot2/docker/profiles) by extensions ['ignore', 'ignore_ament_install']
[0.124s] Level 1:colcon.colcon_core.package_identification:_identify(src/linorobot2/docker/profiles) by extension 'ignore'
[0.124s] Level 1:colcon.colcon_core.package_identification:_identify(src/linorobot2/docker/profiles) by extension 'ignore_ament_install'
[0.124s] Level 1:colcon.colcon_core.package_identification:_identify(src/linorobot2/docker/profiles) by extensions ['colcon_pkg']
[0.124s] Level 1:colcon.colcon_core.package_identification:_identify(src/linorobot2/docker/profiles) by extension 'colcon_pkg'
[0.124s] Level 1:colcon.colcon_core.package_identification:_identify(src/linorobot2/docker/profiles) by extensions ['colcon_meta']
[0.124s] Level 1:colcon.colcon_core.package_identification:_identify(src/linorobot2/docker/profiles) by extension 'colcon_meta'
[0.124s] Level 1:colcon.colcon_core.package_identification:_identify(src/linorobot2/docker/profiles) by extensions ['ros']
[0.124s] Level 1:colcon.colcon_core.package_identification:_identify(src/linorobot2/docker/profiles) by extension 'ros'
[0.124s] Level 1:colcon.colcon_core.package_identification:_identify(src/linorobot2/docker/profiles) by extensions ['cmake', 'python']
[0.124s] Level 1:colcon.colcon_core.package_identification:_identify(src/linorobot2/docker/profiles) by extension 'cmake'
[0.124s] Level 1:colcon.colcon_core.package_identification:_identify(src/linorobot2/docker/profiles) by extension 'python'
[0.124s] Level 1:colcon.colcon_core.package_identification:_identify(src/linorobot2/docker/profiles) by extensions ['python_setup_py']
[0.124s] Level 1:colcon.colcon_core.package_identification:_identify(src/linorobot2/docker/profiles) by extension 'python_setup_py'
[0.124s] Level 1:colcon.colcon_core.package_identification:_identify(src/linorobot2/docs) by extensions ['ignore', 'ignore_ament_install']
[0.124s] Level 1:colcon.colcon_core.package_identification:_identify(src/linorobot2/docs) by extension 'ignore'
[0.124s] Level 1:colcon.colcon_core.package_identification:_identify(src/linorobot2/docs) by extension 'ignore_ament_install'
[0.124s] Level 1:colcon.colcon_core.package_identification:_identify(src/linorobot2/docs) by extensions ['colcon_pkg']
[0.124s] Level 1:colcon.colcon_core.package_identification:_identify(src/linorobot2/docs) by extension 'colcon_pkg'
[0.124s] Level 1:colcon.colcon_core.package_identification:_identify(src/linorobot2/docs) by extensions ['colcon_meta']
[0.124s] Level 1:colcon.colcon_core.package_identification:_identify(src/linorobot2/docs) by extension 'colcon_meta'
[0.124s] Level 1:colcon.colcon_core.package_identification:_identify(src/linorobot2/docs) by extensions ['ros']
[0.124s] Level 1:colcon.colcon_core.package_identification:_identify(src/linorobot2/docs) by extension 'ros'
[0.125s] Level 1:colcon.colcon_core.package_identification:_identify(src/linorobot2/docs) by extensions ['cmake', 'python']
[0.125s] Level 1:colcon.colcon_core.package_identification:_identify(src/linorobot2/docs) by extension 'cmake'
[0.125s] Level 1:colcon.colcon_core.package_identification:_identify(src/linorobot2/docs) by extension 'python'
[0.125s] Level 1:colcon.colcon_core.package_identification:_identify(src/linorobot2/docs) by extensions ['python_setup_py']
[0.125s] Level 1:colcon.colcon_core.package_identification:_identify(src/linorobot2/docs) by extension 'python_setup_py'
[0.125s] Level 1:colcon.colcon_core.package_identification:_identify(src/linorobot2/docs/assets) by extensions ['ignore', 'ignore_ament_install']
[0.125s] Level 1:colcon.colcon_core.package_identification:_identify(src/linorobot2/docs/assets) by extension 'ignore'
[0.125s] Level 1:colcon.colcon_core.package_identification:_identify(src/linorobot2/docs/assets) by extension 'ignore_ament_install'
[0.125s] Level 1:colcon.colcon_core.package_identification:_identify(src/linorobot2/docs/assets) by extensions ['colcon_pkg']
[0.125s] Level 1:colcon.colcon_core.package_identification:_identify(src/linorobot2/docs/assets) by extension 'colcon_pkg'
[0.125s] Level 1:colcon.colcon_core.package_identification:_identify(src/linorobot2/docs/assets) by extensions ['colcon_meta']
[0.125s] Level 1:colcon.colcon_core.package_identification:_identify(src/linorobot2/docs/assets) by extension 'colcon_meta'
[0.125s] Level 1:colcon.colcon_core.package_identification:_identify(src/linorobot2/docs/assets) by extensions ['ros']
[0.125s] Level 1:colcon.colcon_core.package_identification:_identify(src/linorobot2/docs/assets) by extension 'ros'
[0.125s] Level 1:colcon.colcon_core.package_identification:_identify(src/linorobot2/docs/assets) by extensions ['cmake', 'python']
[0.125s] Level 1:colcon.colcon_core.package_identification:_identify(src/linorobot2/docs/assets) by extension 'cmake'
[0.125s] Level 1:colcon.colcon_core.package_identification:_identify(src/linorobot2/docs/assets) by extension 'python'
[0.125s] Level 1:colcon.colcon_core.package_identification:_identify(src/linorobot2/docs/assets) by extensions ['python_setup_py']
[0.125s] Level 1:colcon.colcon_core.package_identification:_identify(src/linorobot2/docs/assets) by extension 'python_setup_py'
[0.125s] Level 1:colcon.colcon_core.package_identification:_identify(src/linorobot2/linorobot2) by extensions ['ignore', 'ignore_ament_install']
[0.125s] Level 1:colcon.colcon_core.package_identification:_identify(src/linorobot2/linorobot2) by extension 'ignore'
[0.125s] Level 1:colcon.colcon_core.package_identification:_identify(src/linorobot2/linorobot2) by extension 'ignore_ament_install'
[0.125s] Level 1:colcon.colcon_core.package_identification:_identify(src/linorobot2/linorobot2) by extensions ['colcon_pkg']
[0.125s] Level 1:colcon.colcon_core.package_identification:_identify(src/linorobot2/linorobot2) by extension 'colcon_pkg'
[0.125s] Level 1:colcon.colcon_core.package_identification:_identify(src/linorobot2/linorobot2) by extensions ['colcon_meta']
[0.125s] Level 1:colcon.colcon_core.package_identification:_identify(src/linorobot2/linorobot2) by extension 'colcon_meta'
[0.126s] Level 1:colcon.colcon_core.package_identification:_identify(src/linorobot2/linorobot2) by extensions ['ros']
[0.126s] Level 1:colcon.colcon_core.package_identification:_identify(src/linorobot2/linorobot2) by extension 'ros'
[0.127s] DEBUG:colcon.colcon_core.package_identification:Package 'src/linorobot2/linorobot2' with type 'ros.ament_cmake' and name 'linorobot2'
[0.127s] Level 1:colcon.colcon_core.package_identification:_identify(src/linorobot2/linorobot2_base) by extensions ['ignore', 'ignore_ament_install']
[0.127s] Level 1:colcon.colcon_core.package_identification:_identify(src/linorobot2/linorobot2_base) by extension 'ignore'
[0.127s] Level 1:colcon.colcon_core.package_identification:_identify(src/linorobot2/linorobot2_base) by extension 'ignore_ament_install'
[0.127s] Level 1:colcon.colcon_core.package_identification:_identify(src/linorobot2/linorobot2_base) by extensions ['colcon_pkg']
[0.127s] Level 1:colcon.colcon_core.package_identification:_identify(src/linorobot2/linorobot2_base) by extension 'colcon_pkg'
[0.127s] Level 1:colcon.colcon_core.package_identification:_identify(src/linorobot2/linorobot2_base) by extensions ['colcon_meta']
[0.127s] Level 1:colcon.colcon_core.package_identification:_identify(src/linorobot2/linorobot2_base) by extension 'colcon_meta'
[0.127s] Level 1:colcon.colcon_core.package_identification:_identify(src/linorobot2/linorobot2_base) by extensions ['ros']
[0.127s] Level 1:colcon.colcon_core.package_identification:_identify(src/linorobot2/linorobot2_base) by extension 'ros'
[0.128s] DEBUG:colcon.colcon_core.package_identification:Package 'src/linorobot2/linorobot2_base' with type 'ros.ament_cmake' and name 'linorobot2_base'
[0.128s] Level 1:colcon.colcon_core.package_identification:_identify(src/linorobot2/linorobot2_bringup) by extensions ['ignore', 'ignore_ament_install']
[0.128s] Level 1:colcon.colcon_core.package_identification:_identify(src/linorobot2/linorobot2_bringup) by extension 'ignore'
[0.128s] Level 1:colcon.colcon_core.package_identification:_identify(src/linorobot2/linorobot2_bringup) by extension 'ignore_ament_install'
[0.128s] Level 1:colcon.colcon_core.package_identification:_identify(src/linorobot2/linorobot2_bringup) by extensions ['colcon_pkg']
[0.128s] Level 1:colcon.colcon_core.package_identification:_identify(src/linorobot2/linorobot2_bringup) by extension 'colcon_pkg'
[0.128s] Level 1:colcon.colcon_core.package_identification:_identify(src/linorobot2/linorobot2_bringup) by extensions ['colcon_meta']
[0.128s] Level 1:colcon.colcon_core.package_identification:_identify(src/linorobot2/linorobot2_bringup) by extension 'colcon_meta'
[0.128s] Level 1:colcon.colcon_core.package_identification:_identify(src/linorobot2/linorobot2_bringup) by extensions ['ros']
[0.128s] Level 1:colcon.colcon_core.package_identification:_identify(src/linorobot2/linorobot2_bringup) by extension 'ros'
[0.129s] DEBUG:colcon.colcon_core.package_identification:Package 'src/linorobot2/linorobot2_bringup' with type 'ros.ament_cmake' and name 'linorobot2_bringup'
[0.129s] Level 1:colcon.colcon_core.package_identification:_identify(src/linorobot2/linorobot2_description) by extensions ['ignore', 'ignore_ament_install']
[0.129s] Level 1:colcon.colcon_core.package_identification:_identify(src/linorobot2/linorobot2_description) by extension 'ignore'
[0.129s] Level 1:colcon.colcon_core.package_identification:_identify(src/linorobot2/linorobot2_description) by extension 'ignore_ament_install'
[0.129s] Level 1:colcon.colcon_core.package_identification:_identify(src/linorobot2/linorobot2_description) by extensions ['colcon_pkg']
[0.129s] Level 1:colcon.colcon_core.package_identification:_identify(src/linorobot2/linorobot2_description) by extension 'colcon_pkg'
[0.129s] Level 1:colcon.colcon_core.package_identification:_identify(src/linorobot2/linorobot2_description) by extensions ['colcon_meta']
[0.129s] Level 1:colcon.colcon_core.package_identification:_identify(src/linorobot2/linorobot2_description) by extension 'colcon_meta'
[0.129s] Level 1:colcon.colcon_core.package_identification:_identify(src/linorobot2/linorobot2_description) by extensions ['ros']
[0.129s] Level 1:colcon.colcon_core.package_identification:_identify(src/linorobot2/linorobot2_description) by extension 'ros'
[0.129s] DEBUG:colcon.colcon_core.package_identification:Package 'src/linorobot2/linorobot2_description' with type 'ros.ament_cmake' and name 'linorobot2_description'
[0.129s] Level 1:colcon.colcon_core.package_identification:_identify(src/linorobot2/linorobot2_gazebo) by extensions ['ignore', 'ignore_ament_install']
[0.129s] Level 1:colcon.colcon_core.package_identification:_identify(src/linorobot2/linorobot2_gazebo) by extension 'ignore'
[0.129s] Level 1:colcon.colcon_core.package_identification:_identify(src/linorobot2/linorobot2_gazebo) by extension 'ignore_ament_install'
[0.129s] Level 1:colcon.colcon_core.package_identification:_identify(src/linorobot2/linorobot2_gazebo) by extensions ['colcon_pkg']
[0.129s] Level 1:colcon.colcon_core.package_identification:_identify(src/linorobot2/linorobot2_gazebo) by extension 'colcon_pkg'
[0.130s] INFO:colcon.colcon_metadata.metadata.colcon_pkg:Setting name 'linorobot2_gazebo' of package 'src/linorobot2/linorobot2_gazebo' from colcon.pkg
[0.130s] DEBUG:colcon.colcon_core.package_identification:Package 'src/linorobot2/linorobot2_gazebo' with type 'None' and name 'linorobot2_gazebo'
[0.130s] Level 1:colcon.colcon_core.package_identification:_identify(src/linorobot2/linorobot2_gazebo) by extensions ['colcon_meta']
[0.130s] Level 1:colcon.colcon_core.package_identification:_identify(src/linorobot2/linorobot2_gazebo) by extension 'colcon_meta'
[0.130s] Level 1:colcon.colcon_core.package_identification:_identify(src/linorobot2/linorobot2_gazebo) by extensions ['ros']
[0.130s] Level 1:colcon.colcon_core.package_identification:_identify(src/linorobot2/linorobot2_gazebo) by extension 'ros'
[0.130s] DEBUG:colcon.colcon_core.package_identification:Package 'src/linorobot2/linorobot2_gazebo' with type 'ros.ament_python' and name 'linorobot2_gazebo'
[0.131s] Level 1:colcon.colcon_core.package_identification:_identify(src/linorobot2/linorobot2_navigation) by extensions ['ignore', 'ignore_ament_install']
[0.131s] Level 1:colcon.colcon_core.package_identification:_identify(src/linorobot2/linorobot2_navigation) by extension 'ignore'
[0.131s] Level 1:colcon.colcon_core.package_identification:_identify(src/linorobot2/linorobot2_navigation) by extension 'ignore_ament_install'
[0.131s] Level 1:colcon.colcon_core.package_identification:_identify(src/linorobot2/linorobot2_navigation) by extensions ['colcon_pkg']
[0.131s] Level 1:colcon.colcon_core.package_identification:_identify(src/linorobot2/linorobot2_navigation) by extension 'colcon_pkg'
[0.131s] Level 1:colcon.colcon_core.package_identification:_identify(src/linorobot2/linorobot2_navigation) by extensions ['colcon_meta']
[0.131s] Level 1:colcon.colcon_core.package_identification:_identify(src/linorobot2/linorobot2_navigation) by extension 'colcon_meta'
[0.131s] Level 1:colcon.colcon_core.package_identification:_identify(src/linorobot2/linorobot2_navigation) by extensions ['ros']
[0.131s] Level 1:colcon.colcon_core.package_identification:_identify(src/linorobot2/linorobot2_navigation) by extension 'ros'
[0.131s] DEBUG:colcon.colcon_core.package_identification:Package 'src/linorobot2/linorobot2_navigation' with type 'ros.ament_cmake' and name 'linorobot2_navigation'
[0.131s] Level 1:colcon.colcon_core.package_identification:_identify(src/micro-ROS-Agent) by extensions ['ignore', 'ignore_ament_install']
[0.131s] Level 1:colcon.colcon_core.package_identification:_identify(src/micro-ROS-Agent) by extension 'ignore'
[0.131s] Level 1:colcon.colcon_core.package_identification:_identify(src/micro-ROS-Agent) by extension 'ignore_ament_install'
[0.131s] Level 1:colcon.colcon_core.package_identification:_identify(src/micro-ROS-Agent) by extensions ['colcon_pkg']
[0.131s] Level 1:colcon.colcon_core.package_identification:_identify(src/micro-ROS-Agent) by extension 'colcon_pkg'
[0.131s] Level 1:colcon.colcon_core.package_identification:_identify(src/micro-ROS-Agent) by extensions ['colcon_meta']
[0.131s] Level 1:colcon.colcon_core.package_identification:_identify(src/micro-ROS-Agent) by extension 'colcon_meta'
[0.131s] Level 1:colcon.colcon_core.package_identification:_identify(src/micro-ROS-Agent) by extensions ['ros']
[0.131s] Level 1:colcon.colcon_core.package_identification:_identify(src/micro-ROS-Agent) by extension 'ros'
[0.132s] Level 1:colcon.colcon_core.package_identification:_identify(src/micro-ROS-Agent) by extensions ['cmake', 'python']
[0.132s] Level 1:colcon.colcon_core.package_identification:_identify(src/micro-ROS-Agent) by extension 'cmake'
[0.132s] Level 1:colcon.colcon_core.package_identification:_identify(src/micro-ROS-Agent) by extension 'python'
[0.132s] Level 1:colcon.colcon_core.package_identification:_identify(src/micro-ROS-Agent) by extensions ['python_setup_py']
[0.132s] Level 1:colcon.colcon_core.package_identification:_identify(src/micro-ROS-Agent) by extension 'python_setup_py'
[0.132s] Level 1:colcon.colcon_core.package_identification:_identify(src/micro-ROS-Agent/micro_ros_agent) by extensions ['ignore', 'ignore_ament_install']
[0.132s] Level 1:colcon.colcon_core.package_identification:_identify(src/micro-ROS-Agent/micro_ros_agent) by extension 'ignore'
[0.132s] Level 1:colcon.colcon_core.package_identification:_identify(src/micro-ROS-Agent/micro_ros_agent) by extension 'ignore_ament_install'
[0.132s] Level 1:colcon.colcon_core.package_identification:_identify(src/micro-ROS-Agent/micro_ros_agent) by extensions ['colcon_pkg']
[0.132s] Level 1:colcon.colcon_core.package_identification:_identify(src/micro-ROS-Agent/micro_ros_agent) by extension 'colcon_pkg'
[0.132s] Level 1:colcon.colcon_core.package_identification:_identify(src/micro-ROS-Agent/micro_ros_agent) by extensions ['colcon_meta']
[0.132s] Level 1:colcon.colcon_core.package_identification:_identify(src/micro-ROS-Agent/micro_ros_agent) by extension 'colcon_meta'
[0.132s] Level 1:colcon.colcon_core.package_identification:_identify(src/micro-ROS-Agent/micro_ros_agent) by extensions ['ros']
[0.132s] Level 1:colcon.colcon_core.package_identification:_identify(src/micro-ROS-Agent/micro_ros_agent) by extension 'ros'
[0.132s] DEBUG:colcon.colcon_core.package_identification:Package 'src/micro-ROS-Agent/micro_ros_agent' with type 'ros.ament_cmake' and name 'micro_ros_agent'
[0.133s] Level 1:colcon.colcon_core.package_identification:_identify(src/micro-ROS-Agent/snap) by extensions ['ignore', 'ignore_ament_install']
[0.133s] Level 1:colcon.colcon_core.package_identification:_identify(src/micro-ROS-Agent/snap) by extension 'ignore'
[0.133s] Level 1:colcon.colcon_core.package_identification:_identify(src/micro-ROS-Agent/snap) by extension 'ignore_ament_install'
[0.133s] Level 1:colcon.colcon_core.package_identification:_identify(src/micro-ROS-Agent/snap) by extensions ['colcon_pkg']
[0.133s] Level 1:colcon.colcon_core.package_identification:_identify(src/micro-ROS-Agent/snap) by extension 'colcon_pkg'
[0.133s] Level 1:colcon.colcon_core.package_identification:_identify(src/micro-ROS-Agent/snap) by extensions ['colcon_meta']
[0.133s] Level 1:colcon.colcon_core.package_identification:_identify(src/micro-ROS-Agent/snap) by extension 'colcon_meta'
[0.133s] Level 1:colcon.colcon_core.package_identification:_identify(src/micro-ROS-Agent/snap) by extensions ['ros']
[0.133s] Level 1:colcon.colcon_core.package_identification:_identify(src/micro-ROS-Agent/snap) by extension 'ros'
[0.133s] Level 1:colcon.colcon_core.package_identification:_identify(src/micro-ROS-Agent/snap) by extensions ['cmake', 'python']
[0.133s] Level 1:colcon.colcon_core.package_identification:_identify(src/micro-ROS-Agent/snap) by extension 'cmake'
[0.133s] Level 1:colcon.colcon_core.package_identification:_identify(src/micro-ROS-Agent/snap) by extension 'python'
[0.133s] Level 1:colcon.colcon_core.package_identification:_identify(src/micro-ROS-Agent/snap) by extensions ['python_setup_py']
[0.133s] Level 1:colcon.colcon_core.package_identification:_identify(src/micro-ROS-Agent/snap) by extension 'python_setup_py'
[0.133s] Level 1:colcon.colcon_core.package_identification:_identify(src/micro-ROS-Agent/snap/hooks) by extensions ['ignore', 'ignore_ament_install']
[0.133s] Level 1:colcon.colcon_core.package_identification:_identify(src/micro-ROS-Agent/snap/hooks) by extension 'ignore'
[0.133s] Level 1:colcon.colcon_core.package_identification:_identify(src/micro-ROS-Agent/snap/hooks) by extension 'ignore_ament_install'
[0.133s] Level 1:colcon.colcon_core.package_identification:_identify(src/micro-ROS-Agent/snap/hooks) by extensions ['colcon_pkg']
[0.133s] Level 1:colcon.colcon_core.package_identification:_identify(src/micro-ROS-Agent/snap/hooks) by extension 'colcon_pkg'
[0.133s] Level 1:colcon.colcon_core.package_identification:_identify(src/micro-ROS-Agent/snap/hooks) by extensions ['colcon_meta']
[0.133s] Level 1:colcon.colcon_core.package_identification:_identify(src/micro-ROS-Agent/snap/hooks) by extension 'colcon_meta'
[0.133s] Level 1:colcon.colcon_core.package_identification:_identify(src/micro-ROS-Agent/snap/hooks) by extensions ['ros']
[0.133s] Level 1:colcon.colcon_core.package_identification:_identify(src/micro-ROS-Agent/snap/hooks) by extension 'ros'
[0.133s] Level 1:colcon.colcon_core.package_identification:_identify(src/micro-ROS-Agent/snap/hooks) by extensions ['cmake', 'python']
[0.133s] Level 1:colcon.colcon_core.package_identification:_identify(src/micro-ROS-Agent/snap/hooks) by extension 'cmake'
[0.133s] Level 1:colcon.colcon_core.package_identification:_identify(src/micro-ROS-Agent/snap/hooks) by extension 'python'
[0.133s] Level 1:colcon.colcon_core.package_identification:_identify(src/micro-ROS-Agent/snap/hooks) by extensions ['python_setup_py']
[0.133s] Level 1:colcon.colcon_core.package_identification:_identify(src/micro-ROS-Agent/snap/hooks) by extension 'python_setup_py'
[0.134s] Level 1:colcon.colcon_core.package_identification:_identify(src/micro-ROS-Agent/snap/local) by extensions ['ignore', 'ignore_ament_install']
[0.134s] Level 1:colcon.colcon_core.package_identification:_identify(src/micro-ROS-Agent/snap/local) by extension 'ignore'
[0.134s] Level 1:colcon.colcon_core.package_identification:_identify(src/micro-ROS-Agent/snap/local) by extension 'ignore_ament_install'
[0.134s] Level 1:colcon.colcon_core.package_identification:_identify(src/micro-ROS-Agent/snap/local) by extensions ['colcon_pkg']
[0.134s] Level 1:colcon.colcon_core.package_identification:_identify(src/micro-ROS-Agent/snap/local) by extension 'colcon_pkg'
[0.134s] Level 1:colcon.colcon_core.package_identification:_identify(src/micro-ROS-Agent/snap/local) by extensions ['colcon_meta']
[0.134s] Level 1:colcon.colcon_core.package_identification:_identify(src/micro-ROS-Agent/snap/local) by extension 'colcon_meta'
[0.134s] Level 1:colcon.colcon_core.package_identification:_identify(src/micro-ROS-Agent/snap/local) by extensions ['ros']
[0.134s] Level 1:colcon.colcon_core.package_identification:_identify(src/micro-ROS-Agent/snap/local) by extension 'ros'
[0.134s] Level 1:colcon.colcon_core.package_identification:_identify(src/micro-ROS-Agent/snap/local) by extensions ['cmake', 'python']
[0.134s] Level 1:colcon.colcon_core.package_identification:_identify(src/micro-ROS-Agent/snap/local) by extension 'cmake'
[0.134s] Level 1:colcon.colcon_core.package_identification:_identify(src/micro-ROS-Agent/snap/local) by extension 'python'
[0.134s] Level 1:colcon.colcon_core.package_identification:_identify(src/micro-ROS-Agent/snap/local) by extensions ['python_setup_py']
[0.134s] Level 1:colcon.colcon_core.package_identification:_identify(src/micro-ROS-Agent/snap/local) by extension 'python_setup_py'
[0.134s] Level 1:colcon.colcon_core.package_identification:_identify(src/micro_ros_msgs) by extensions ['ignore', 'ignore_ament_install']
[0.134s] Level 1:colcon.colcon_core.package_identification:_identify(src/micro_ros_msgs) by extension 'ignore'
[0.134s] Level 1:colcon.colcon_core.package_identification:_identify(src/micro_ros_msgs) by extension 'ignore_ament_install'
[0.134s] Level 1:colcon.colcon_core.package_identification:_identify(src/micro_ros_msgs) by extensions ['colcon_pkg']
[0.134s] Level 1:colcon.colcon_core.package_identification:_identify(src/micro_ros_msgs) by extension 'colcon_pkg'
[0.134s] Level 1:colcon.colcon_core.package_identification:_identify(src/micro_ros_msgs) by extensions ['colcon_meta']
[0.134s] Level 1:colcon.colcon_core.package_identification:_identify(src/micro_ros_msgs) by extension 'colcon_meta'
[0.134s] Level 1:colcon.colcon_core.package_identification:_identify(src/micro_ros_msgs) by extensions ['ros']
[0.134s] Level 1:colcon.colcon_core.package_identification:_identify(src/micro_ros_msgs) by extension 'ros'
[0.135s] DEBUG:colcon.colcon_core.package_identification:Package 'src/micro_ros_msgs' with type 'ros.ament_cmake' and name 'micro_ros_msgs'
[0.135s] Level 1:colcon.colcon_core.package_discovery:discover_packages(recursive) using defaults
[0.135s] Level 1:colcon.colcon_core.package_discovery:discover_packages(ignore) discover
[0.135s] Level 1:colcon.colcon_core.package_discovery:discover_packages(ignore) using defaults
[0.135s] Level 1:colcon.colcon_core.package_discovery:discover_packages(path) discover
[0.135s] Level 1:colcon.colcon_core.package_discovery:discover_packages(path) using defaults
[0.148s] INFO:colcon.colcon_metadata.metadata.colcon_pkg:Updating descriptor of package 'src/linorobot2/linorobot2_gazebo' from colcon.pkg: {'name': 'linorobot2_gazebo', 'hooks': ['share/linorobot2_gazebo/hook/linorobot2_gazebo.sh']}
[0.149s] Level 5:colcon.colcon_core.verb:set package 'linorobot2' build argument 'cmake_args' from command line to 'None'
[0.149s] Level 5:colcon.colcon_core.verb:set package 'linorobot2' build argument 'cmake_target' from command line to 'None'
[0.149s] Level 5:colcon.colcon_core.verb:set package 'linorobot2' build argument 'cmake_target_skip_unavailable' from command line to 'False'
[0.149s] Level 5:colcon.colcon_core.verb:set package 'linorobot2' build argument 'cmake_clean_cache' from command line to 'False'
[0.149s] Level 5:colcon.colcon_core.verb:set package 'linorobot2' build argument 'cmake_clean_first' from command line to 'False'
[0.149s] Level 5:colcon.colcon_core.verb:set package 'linorobot2' build argument 'cmake_force_configure' from command line to 'False'
[0.149s] Level 5:colcon.colcon_core.verb:set package 'linorobot2' build argument 'ament_cmake_args' from command line to 'None'
[0.149s] Level 5:colcon.colcon_core.verb:set package 'linorobot2' build argument 'catkin_cmake_args' from command line to 'None'
[0.149s] Level 5:colcon.colcon_core.verb:set package 'linorobot2' build argument 'catkin_skip_building_tests' from command line to 'False'
[0.149s] DEBUG:colcon.colcon_core.verb:Building package 'linorobot2' with the following arguments: {'ament_cmake_args': None, 'build_base': '/home/ws/build/linorobot2', 'catkin_cmake_args': None, 'catkin_skip_building_tests': False, 'cmake_args': None, 'cmake_clean_cache': False, 'cmake_clean_first': False, 'cmake_force_configure': False, 'cmake_target': None, 'cmake_target_skip_unavailable': False, 'install_base': '/home/ws/install/linorobot2', 'merge_install': False, 'path': '/home/ws/src/linorobot2/linorobot2', 'symlink_install': False, 'test_result_base': None}
[0.150s] Level 5:colcon.colcon_core.verb:set package 'linorobot2_base' build argument 'cmake_args' from command line to 'None'
[0.150s] Level 5:colcon.colcon_core.verb:set package 'linorobot2_base' build argument 'cmake_target' from command line to 'None'
[0.150s] Level 5:colcon.colcon_core.verb:set package 'linorobot2_base' build argument 'cmake_target_skip_unavailable' from command line to 'False'
[0.150s] Level 5:colcon.colcon_core.verb:set package 'linorobot2_base' build argument 'cmake_clean_cache' from command line to 'False'
[0.150s] Level 5:colcon.colcon_core.verb:set package 'linorobot2_base' build argument 'cmake_clean_first' from command line to 'False'
[0.150s] Level 5:colcon.colcon_core.verb:set package 'linorobot2_base' build argument 'cmake_force_configure' from command line to 'False'
[0.150s] Level 5:colcon.colcon_core.verb:set package 'linorobot2_base' build argument 'ament_cmake_args' from command line to 'None'
[0.150s] Level 5:colcon.colcon_core.verb:set package 'linorobot2_base' build argument 'catkin_cmake_args' from command line to 'None'
[0.150s] Level 5:colcon.colcon_core.verb:set package 'linorobot2_base' build argument 'catkin_skip_building_tests' from command line to 'False'
[0.150s] DEBUG:colcon.colcon_core.verb:Building package 'linorobot2_base' with the following arguments: {'ament_cmake_args': None, 'build_base': '/home/ws/build/linorobot2_base', 'catkin_cmake_args': None, 'catkin_skip_building_tests': False, 'cmake_args': None, 'cmake_clean_cache': False, 'cmake_clean_first': False, 'cmake_force_configure': False, 'cmake_target': None, 'cmake_target_skip_unavailable': False, 'install_base': '/home/ws/install/linorobot2_base', 'merge_install': False, 'path': '/home/ws/src/linorobot2/linorobot2_base', 'symlink_install': False, 'test_result_base': None}
[0.150s] Level 5:colcon.colcon_core.verb:set package 'linorobot2_description' build argument 'cmake_args' from command line to 'None'
[0.150s] Level 5:colcon.colcon_core.verb:set package 'linorobot2_description' build argument 'cmake_target' from command line to 'None'
[0.150s] Level 5:colcon.colcon_core.verb:set package 'linorobot2_description' build argument 'cmake_target_skip_unavailable' from command line to 'False'
[0.150s] Level 5:colcon.colcon_core.verb:set package 'linorobot2_description' build argument 'cmake_clean_cache' from command line to 'False'
[0.150s] Level 5:colcon.colcon_core.verb:set package 'linorobot2_description' build argument 'cmake_clean_first' from command line to 'False'
[0.150s] Level 5:colcon.colcon_core.verb:set package 'linorobot2_description' build argument 'cmake_force_configure' from command line to 'False'
[0.150s] Level 5:colcon.colcon_core.verb:set package 'linorobot2_description' build argument 'ament_cmake_args' from command line to 'None'
[0.150s] Level 5:colcon.colcon_core.verb:set package 'linorobot2_description' build argument 'catkin_cmake_args' from command line to 'None'
[0.150s] Level 5:colcon.colcon_core.verb:set package 'linorobot2_description' build argument 'catkin_skip_building_tests' from command line to 'False'
[0.150s] DEBUG:colcon.colcon_core.verb:Building package 'linorobot2_description' with the following arguments: {'ament_cmake_args': None, 'build_base': '/home/ws/build/linorobot2_description', 'catkin_cmake_args': None, 'catkin_skip_building_tests': False, 'cmake_args': None, 'cmake_clean_cache': False, 'cmake_clean_first': False, 'cmake_force_configure': False, 'cmake_target': None, 'cmake_target_skip_unavailable': False, 'install_base': '/home/ws/install/linorobot2_description', 'merge_install': False, 'path': '/home/ws/src/linorobot2/linorobot2_description', 'symlink_install': False, 'test_result_base': None}
[0.150s] Level 5:colcon.colcon_core.verb:set package 'linorobot2_gazebo' build argument 'cmake_args' from command line to 'None'
[0.150s] Level 5:colcon.colcon_core.verb:set package 'linorobot2_gazebo' build argument 'cmake_target' from command line to 'None'
[0.150s] Level 5:colcon.colcon_core.verb:set package 'linorobot2_gazebo' build argument 'cmake_target_skip_unavailable' from command line to 'False'
[0.150s] Level 5:colcon.colcon_core.verb:set package 'linorobot2_gazebo' build argument 'cmake_clean_cache' from command line to 'False'
[0.150s] Level 5:colcon.colcon_core.verb:set package 'linorobot2_gazebo' build argument 'cmake_clean_first' from command line to 'False'
[0.150s] Level 5:colcon.colcon_core.verb:set package 'linorobot2_gazebo' build argument 'cmake_force_configure' from command line to 'False'
[0.150s] Level 5:colcon.colcon_core.verb:set package 'linorobot2_gazebo' build argument 'ament_cmake_args' from command line to 'None'
[0.150s] Level 5:colcon.colcon_core.verb:set package 'linorobot2_gazebo' build argument 'catkin_cmake_args' from command line to 'None'
[0.150s] Level 5:colcon.colcon_core.verb:set package 'linorobot2_gazebo' build argument 'catkin_skip_building_tests' from command line to 'False'
[0.150s] DEBUG:colcon.colcon_core.verb:Building package 'linorobot2_gazebo' with the following arguments: {'ament_cmake_args': None, 'build_base': '/home/ws/build/linorobot2_gazebo', 'catkin_cmake_args': None, 'catkin_skip_building_tests': False, 'cmake_args': None, 'cmake_clean_cache': False, 'cmake_clean_first': False, 'cmake_force_configure': False, 'cmake_target': None, 'cmake_target_skip_unavailable': False, 'install_base': '/home/ws/install/linorobot2_gazebo', 'merge_install': False, 'path': '/home/ws/src/linorobot2/linorobot2_gazebo', 'symlink_install': False, 'test_result_base': None}
[0.151s] Level 5:colcon.colcon_core.verb:set package 'linorobot2_navigation' build argument 'cmake_args' from command line to 'None'
[0.151s] Level 5:colcon.colcon_core.verb:set package 'linorobot2_navigation' build argument 'cmake_target' from command line to 'None'
[0.151s] Level 5:colcon.colcon_core.verb:set package 'linorobot2_navigation' build argument 'cmake_target_skip_unavailable' from command line to 'False'
[0.151s] Level 5:colcon.colcon_core.verb:set package 'linorobot2_navigation' build argument 'cmake_clean_cache' from command line to 'False'
[0.151s] Level 5:colcon.colcon_core.verb:set package 'linorobot2_navigation' build argument 'cmake_clean_first' from command line to 'False'
[0.151s] Level 5:colcon.colcon_core.verb:set package 'linorobot2_navigation' build argument 'cmake_force_configure' from command line to 'False'
[0.151s] Level 5:colcon.colcon_core.verb:set package 'linorobot2_navigation' build argument 'ament_cmake_args' from command line to 'None'
[0.151s] Level 5:colcon.colcon_core.verb:set package 'linorobot2_navigation' build argument 'catkin_cmake_args' from command line to 'None'
[0.151s] Level 5:colcon.colcon_core.verb:set package 'linorobot2_navigation' build argument 'catkin_skip_building_tests' from command line to 'False'
[0.151s] DEBUG:colcon.colcon_core.verb:Building package 'linorobot2_navigation' with the following arguments: {'ament_cmake_args': None, 'build_base': '/home/ws/build/linorobot2_navigation', 'catkin_cmake_args': None, 'catkin_skip_building_tests': False, 'cmake_args': None, 'cmake_clean_cache': False, 'cmake_clean_first': False, 'cmake_force_configure': False, 'cmake_target': None, 'cmake_target_skip_unavailable': False, 'install_base': '/home/ws/install/linorobot2_navigation', 'merge_install': False, 'path': '/home/ws/src/linorobot2/linorobot2_navigation', 'symlink_install': False, 'test_result_base': None}
[0.151s] Level 5:colcon.colcon_core.verb:set package 'micro_ros_msgs' build argument 'cmake_args' from command line to 'None'
[0.151s] Level 5:colcon.colcon_core.verb:set package 'micro_ros_msgs' build argument 'cmake_target' from command line to 'None'
[0.151s] Level 5:colcon.colcon_core.verb:set package 'micro_ros_msgs' build argument 'cmake_target_skip_unavailable' from command line to 'False'
[0.151s] Level 5:colcon.colcon_core.verb:set package 'micro_ros_msgs' build argument 'cmake_clean_cache' from command line to 'False'
[0.151s] Level 5:colcon.colcon_core.verb:set package 'micro_ros_msgs' build argument 'cmake_clean_first' from command line to 'False'
[0.151s] Level 5:colcon.colcon_core.verb:set package 'micro_ros_msgs' build argument 'cmake_force_configure' from command line to 'False'
[0.151s] Level 5:colcon.colcon_core.verb:set package 'micro_ros_msgs' build argument 'ament_cmake_args' from command line to 'None'
[0.151s] Level 5:colcon.colcon_core.verb:set package 'micro_ros_msgs' build argument 'catkin_cmake_args' from command line to 'None'
[0.151s] Level 5:colcon.colcon_core.verb:set package 'micro_ros_msgs' build argument 'catkin_skip_building_tests' from command line to 'False'
[0.151s] DEBUG:colcon.colcon_core.verb:Building package 'micro_ros_msgs' with the following arguments: {'ament_cmake_args': None, 'build_base': '/home/ws/build/micro_ros_msgs', 'catkin_cmake_args': None, 'catkin_skip_building_tests': False, 'cmake_args': None, 'cmake_clean_cache': False, 'cmake_clean_first': False, 'cmake_force_configure': False, 'cmake_target': None, 'cmake_target_skip_unavailable': False, 'install_base': '/home/ws/install/micro_ros_msgs', 'merge_install': False, 'path': '/home/ws/src/micro_ros_msgs', 'symlink_install': False, 'test_result_base': None}
[0.151s] Level 5:colcon.colcon_core.verb:set package 'micro_ros_agent' build argument 'cmake_args' from command line to 'None'
[0.151s] Level 5:colcon.colcon_core.verb:set package 'micro_ros_agent' build argument 'cmake_target' from command line to 'None'
[0.151s] Level 5:colcon.colcon_core.verb:set package 'micro_ros_agent' build argument 'cmake_target_skip_unavailable' from command line to 'False'
[0.151s] Level 5:colcon.colcon_core.verb:set package 'micro_ros_agent' build argument 'cmake_clean_cache' from command line to 'False'
[0.151s] Level 5:colcon.colcon_core.verb:set package 'micro_ros_agent' build argument 'cmake_clean_first' from command line to 'False'
[0.151s] Level 5:colcon.colcon_core.verb:set package 'micro_ros_agent' build argument 'cmake_force_configure' from command line to 'False'
[0.151s] Level 5:colcon.colcon_core.verb:set package 'micro_ros_agent' build argument 'ament_cmake_args' from command line to 'None'
[0.151s] Level 5:colcon.colcon_core.verb:set package 'micro_ros_agent' build argument 'catkin_cmake_args' from command line to 'None'
[0.151s] Level 5:colcon.colcon_core.verb:set package 'micro_ros_agent' build argument 'catkin_skip_building_tests' from command line to 'False'
[0.151s] DEBUG:colcon.colcon_core.verb:Building package 'micro_ros_agent' with the following arguments: {'ament_cmake_args': None, 'build_base': '/home/ws/build/micro_ros_agent', 'catkin_cmake_args': None, 'catkin_skip_building_tests': False, 'cmake_args': None, 'cmake_clean_cache': False, 'cmake_clean_first': False, 'cmake_force_configure': False, 'cmake_target': None, 'cmake_target_skip_unavailable': False, 'install_base': '/home/ws/install/micro_ros_agent', 'merge_install': False, 'path': '/home/ws/src/micro-ROS-Agent/micro_ros_agent', 'symlink_install': False, 'test_result_base': None}
[0.152s] Level 5:colcon.colcon_core.verb:set package 'linorobot2_bringup' build argument 'cmake_args' from command line to 'None'
[0.152s] Level 5:colcon.colcon_core.verb:set package 'linorobot2_bringup' build argument 'cmake_target' from command line to 'None'
[0.152s] Level 5:colcon.colcon_core.verb:set package 'linorobot2_bringup' build argument 'cmake_target_skip_unavailable' from command line to 'False'
[0.152s] Level 5:colcon.colcon_core.verb:set package 'linorobot2_bringup' build argument 'cmake_clean_cache' from command line to 'False'
[0.152s] Level 5:colcon.colcon_core.verb:set package 'linorobot2_bringup' build argument 'cmake_clean_first' from command line to 'False'
[0.152s] Level 5:colcon.colcon_core.verb:set package 'linorobot2_bringup' build argument 'cmake_force_configure' from command line to 'False'
[0.152s] Level 5:colcon.colcon_core.verb:set package 'linorobot2_bringup' build argument 'ament_cmake_args' from command line to 'None'
[0.152s] Level 5:colcon.colcon_core.verb:set package 'linorobot2_bringup' build argument 'catkin_cmake_args' from command line to 'None'
[0.152s] Level 5:colcon.colcon_core.verb:set package 'linorobot2_bringup' build argument 'catkin_skip_building_tests' from command line to 'False'
[0.152s] DEBUG:colcon.colcon_core.verb:Building package 'linorobot2_bringup' with the following arguments: {'ament_cmake_args': None, 'build_base': '/home/ws/build/linorobot2_bringup', 'catkin_cmake_args': None, 'catkin_skip_building_tests': False, 'cmake_args': None, 'cmake_clean_cache': False, 'cmake_clean_first': False, 'cmake_force_configure': False, 'cmake_target': None, 'cmake_target_skip_unavailable': False, 'install_base': '/home/ws/install/linorobot2_bringup', 'merge_install': False, 'path': '/home/ws/src/linorobot2/linorobot2_bringup', 'symlink_install': False, 'test_result_base': None}
[0.152s] INFO:colcon.colcon_core.executor:Executing jobs using 'parallel' executor
[0.153s] DEBUG:colcon.colcon_parallel_executor.executor.parallel:run_until_complete
[0.153s] INFO:colcon.colcon_ros.task.ament_cmake.build:Building ROS package in '/home/ws/src/micro_ros_msgs' with build type 'ament_cmake'
[0.153s] INFO:colcon.colcon_cmake.task.cmake.build:Building CMake package in '/home/ws/src/micro_ros_msgs'
[0.154s] INFO:colcon.colcon_core.plugin_system:Skipping extension 'colcon_core.shell.bat': Not used on non-Windows systems
[0.154s] INFO:colcon.colcon_core.shell:Skip shell extension 'powershell' for command environment: Not usable outside of PowerShell
[0.154s] DEBUG:colcon.colcon_core.shell:Skip shell extension 'dsv' for command environment
[0.158s] INFO:colcon.colcon_ros.task.ament_cmake.build:Building ROS package in '/home/ws/src/linorobot2/linorobot2' with build type 'ament_cmake'
[0.158s] INFO:colcon.colcon_cmake.task.cmake.build:Building CMake package in '/home/ws/src/linorobot2/linorobot2'
[0.158s] INFO:colcon.colcon_core.shell:Skip shell extension 'powershell' for command environment: Not usable outside of PowerShell
[0.158s] DEBUG:colcon.colcon_core.shell:Skip shell extension 'dsv' for command environment
[0.160s] INFO:colcon.colcon_ros.task.ament_cmake.build:Building ROS package in '/home/ws/src/linorobot2/linorobot2_base' with build type 'ament_cmake'
[0.161s] INFO:colcon.colcon_cmake.task.cmake.build:Building CMake package in '/home/ws/src/linorobot2/linorobot2_base'
[0.161s] INFO:colcon.colcon_core.shell:Skip shell extension 'powershell' for command environment: Not usable outside of PowerShell
[0.161s] DEBUG:colcon.colcon_core.shell:Skip shell extension 'dsv' for command environment
[0.163s] INFO:colcon.colcon_ros.task.ament_cmake.build:Building ROS package in '/home/ws/src/linorobot2/linorobot2_description' with build type 'ament_cmake'
[0.163s] INFO:colcon.colcon_cmake.task.cmake.build:Building CMake package in '/home/ws/src/linorobot2/linorobot2_description'
[0.163s] INFO:colcon.colcon_core.shell:Skip shell extension 'powershell' for command environment: Not usable outside of PowerShell
[0.163s] DEBUG:colcon.colcon_core.shell:Skip shell extension 'dsv' for command environment
[0.166s] INFO:colcon.colcon_ros.task.ament_python.build:Building ROS package in '/home/ws/src/linorobot2/linorobot2_gazebo' with build type 'ament_python'
[0.166s] Level 1:colcon.colcon_core.shell:create_environment_hook('linorobot2_gazebo', 'ament_prefix_path')
[0.166s] INFO:colcon.colcon_core.shell:Creating environment hook '/home/ws/install/linorobot2_gazebo/share/linorobot2_gazebo/hook/ament_prefix_path.ps1'
[0.166s] INFO:colcon.colcon_core.shell:Creating environment descriptor '/home/ws/install/linorobot2_gazebo/share/linorobot2_gazebo/hook/ament_prefix_path.dsv'
[0.167s] INFO:colcon.colcon_core.shell:Creating environment hook '/home/ws/install/linorobot2_gazebo/share/linorobot2_gazebo/hook/ament_prefix_path.sh'
[0.167s] INFO:colcon.colcon_core.shell:Skip shell extension 'powershell' for command environment: Not usable outside of PowerShell
[0.167s] DEBUG:colcon.colcon_core.shell:Skip shell extension 'dsv' for command environment
[0.170s] INFO:colcon.colcon_ros.task.ament_cmake.build:Building ROS package in '/home/ws/src/linorobot2/linorobot2_navigation' with build type 'ament_cmake'
[0.170s] INFO:colcon.colcon_cmake.task.cmake.build:Building CMake package in '/home/ws/src/linorobot2/linorobot2_navigation'
[0.170s] INFO:colcon.colcon_core.shell:Skip shell extension 'powershell' for command environment: Not usable outside of PowerShell
[0.170s] DEBUG:colcon.colcon_core.shell:Skip shell extension 'dsv' for command environment
[0.175s] DEBUG:colcon.colcon_core.event_handler.log_command:Invoking command in '/home/ws/build/micro_ros_msgs': CMAKE_PREFIX_PATH=${CMAKE_PREFIX_PATH}:/opt/ros/jazzy /usr/bin/cmake --build /home/ws/build/micro_ros_msgs -- -j16 -l16
[0.177s] DEBUG:colcon.colcon_core.event_handler.log_command:Invoking command in '/home/ws/build/linorobot2': CMAKE_PREFIX_PATH=${CMAKE_PREFIX_PATH}:/opt/ros/jazzy /usr/bin/cmake --build /home/ws/build/linorobot2 -- -j16 -l16
[0.178s] DEBUG:colcon.colcon_core.event_handler.log_command:Invoking command in '/home/ws/build/linorobot2_base': CMAKE_PREFIX_PATH=${CMAKE_PREFIX_PATH}:/opt/ros/jazzy /usr/bin/cmake --build /home/ws/build/linorobot2_base -- -j16 -l16
[0.179s] DEBUG:colcon.colcon_core.event_handler.log_command:Invoking command in '/home/ws/build/linorobot2_description': CMAKE_PREFIX_PATH=${CMAKE_PREFIX_PATH}:/opt/ros/jazzy /usr/bin/cmake --build /home/ws/build/linorobot2_description -- -j16 -l16
[0.373s] INFO:colcon.colcon_core.task.python.build:Building Python package in '/home/ws/src/linorobot2/linorobot2_gazebo'
[0.374s] INFO:colcon.colcon_core.shell:Skip shell extension 'powershell' for command environment: Not usable outside of PowerShell
[0.374s] DEBUG:colcon.colcon_core.shell:Skip shell extension 'dsv' for command environment
[0.384s] DEBUG:colcon.colcon_core.event_handler.log_command:Invoking command in '/home/ws/build/linorobot2_navigation': CMAKE_PREFIX_PATH=${CMAKE_PREFIX_PATH}:/opt/ros/jazzy /usr/bin/cmake --build /home/ws/build/linorobot2_navigation -- -j16 -l16
[0.498s] DEBUG:colcon.colcon_core.event_handler.log_command:Invoked command in '/home/ws/build/linorobot2' returned '0': CMAKE_PREFIX_PATH=${CMAKE_PREFIX_PATH}:/opt/ros/jazzy /usr/bin/cmake --build /home/ws/build/linorobot2 -- -j16 -l16
[0.507s] DEBUG:colcon.colcon_core.event_handler.log_command:Invoking command in '/home/ws/build/linorobot2': CMAKE_PREFIX_PATH=${CMAKE_PREFIX_PATH}:/opt/ros/jazzy /usr/bin/cmake --install /home/ws/build/linorobot2
[0.509s] DEBUG:colcon.colcon_core.event_handler.log_command:Invoked command in '/home/ws/build/linorobot2_base' returned '0': CMAKE_PREFIX_PATH=${CMAKE_PREFIX_PATH}:/opt/ros/jazzy /usr/bin/cmake --build /home/ws/build/linorobot2_base -- -j16 -l16
[0.509s] DEBUG:colcon.colcon_core.event_handler.log_command:Invoking command in '/home/ws/build/linorobot2_base': CMAKE_PREFIX_PATH=${CMAKE_PREFIX_PATH}:/opt/ros/jazzy /usr/bin/cmake --install /home/ws/build/linorobot2_base
[0.510s] DEBUG:colcon.colcon_core.event_handler.log_command:Invoked command in '/home/ws/build/micro_ros_msgs' returned '0': CMAKE_PREFIX_PATH=${CMAKE_PREFIX_PATH}:/opt/ros/jazzy /usr/bin/cmake --build /home/ws/build/micro_ros_msgs -- -j16 -l16
[0.511s] DEBUG:colcon.colcon_core.event_handler.log_command:Invoking command in '/home/ws/build/micro_ros_msgs': CMAKE_PREFIX_PATH=${CMAKE_PREFIX_PATH}:/opt/ros/jazzy /usr/bin/cmake --install /home/ws/build/micro_ros_msgs
[0.518s] Level 1:colcon.colcon_core.environment:create_environment_scripts_only(linorobot2)
[0.519s] DEBUG:colcon.colcon_core.event_handler.log_command:Invoked command in '/home/ws/build/linorobot2' returned '0': CMAKE_PREFIX_PATH=${CMAKE_PREFIX_PATH}:/opt/ros/jazzy /usr/bin/cmake --install /home/ws/build/linorobot2
[0.529s] Level 1:colcon.colcon_core.environment:checking '/home/ws/install/linorobot2' for CMake module files
[0.529s] Level 1:colcon.colcon_core.environment:checking '/home/ws/install/linorobot2' for CMake config files
[0.529s] Level 1:colcon.colcon_core.shell:create_environment_hook('linorobot2', 'cmake_prefix_path')
[0.530s] INFO:colcon.colcon_core.shell:Creating environment hook '/home/ws/install/linorobot2/share/linorobot2/hook/cmake_prefix_path.ps1'
[0.530s] INFO:colcon.colcon_core.shell:Creating environment descriptor '/home/ws/install/linorobot2/share/linorobot2/hook/cmake_prefix_path.dsv'
[0.530s] INFO:colcon.colcon_core.shell:Creating environment hook '/home/ws/install/linorobot2/share/linorobot2/hook/cmake_prefix_path.sh'
[0.531s] Level 1:colcon.colcon_core.environment:checking '/home/ws/install/linorobot2/bin'
[0.531s] Level 1:colcon.colcon_core.environment:checking '/home/ws/install/linorobot2/lib/pkgconfig/linorobot2.pc'
[0.532s] Level 1:colcon.colcon_core.environment:checking '/home/ws/install/linorobot2/lib/python3.12/site-packages'
[0.532s] Level 1:colcon.colcon_core.environment:checking '/home/ws/install/linorobot2/bin'
[0.532s] INFO:colcon.colcon_core.shell:Creating package script '/home/ws/install/linorobot2/share/linorobot2/package.ps1'
[0.533s] INFO:colcon.colcon_core.shell:Creating package descriptor '/home/ws/install/linorobot2/share/linorobot2/package.dsv'
[0.534s] INFO:colcon.colcon_core.shell:Creating package script '/home/ws/install/linorobot2/share/linorobot2/package.sh'
[0.535s] INFO:colcon.colcon_core.shell:Creating package script '/home/ws/install/linorobot2/share/linorobot2/package.bash'
[0.536s] INFO:colcon.colcon_core.shell:Creating package script '/home/ws/install/linorobot2/share/linorobot2/package.zsh'
[0.537s] Level 1:colcon.colcon_core.environment:create_file_with_runtime_dependencies(/home/ws/install/linorobot2/share/colcon-core/packages/linorobot2)
[0.537s] Level 1:colcon.colcon_core.environment:create_environment_scripts_only(linorobot2)
[0.537s] Level 1:colcon.colcon_core.environment:checking '/home/ws/install/linorobot2' for CMake module files
[0.538s] Level 1:colcon.colcon_core.environment:checking '/home/ws/install/linorobot2' for CMake config files
[0.538s] Level 1:colcon.colcon_core.shell:create_environment_hook('linorobot2', 'cmake_prefix_path')
[0.538s] INFO:colcon.colcon_core.shell:Creating environment hook '/home/ws/install/linorobot2/share/linorobot2/hook/cmake_prefix_path.ps1'
[0.539s] INFO:colcon.colcon_core.shell:Creating environment descriptor '/home/ws/install/linorobot2/share/linorobot2/hook/cmake_prefix_path.dsv'
[0.539s] INFO:colcon.colcon_core.shell:Creating environment hook '/home/ws/install/linorobot2/share/linorobot2/hook/cmake_prefix_path.sh'
[0.540s] Level 1:colcon.colcon_core.environment:checking '/home/ws/install/linorobot2/bin'
[0.540s] Level 1:colcon.colcon_core.environment:checking '/home/ws/install/linorobot2/lib/pkgconfig/linorobot2.pc'
[0.540s] Level 1:colcon.colcon_core.environment:checking '/home/ws/install/linorobot2/lib/python3.12/site-packages'
[0.540s] Level 1:colcon.colcon_core.environment:checking '/home/ws/install/linorobot2/bin'
[0.541s] INFO:colcon.colcon_core.shell:Creating package script '/home/ws/install/linorobot2/share/linorobot2/package.ps1'
[0.541s] INFO:colcon.colcon_core.shell:Creating package descriptor '/home/ws/install/linorobot2/share/linorobot2/package.dsv'
[0.542s] INFO:colcon.colcon_core.shell:Creating package script '/home/ws/install/linorobot2/share/linorobot2/package.sh'
[0.542s] INFO:colcon.colcon_core.shell:Creating package script '/home/ws/install/linorobot2/share/linorobot2/package.bash'
[0.543s] INFO:colcon.colcon_core.shell:Creating package script '/home/ws/install/linorobot2/share/linorobot2/package.zsh'
[0.543s] Level 1:colcon.colcon_core.environment:create_file_with_runtime_dependencies(/home/ws/install/linorobot2/share/colcon-core/packages/linorobot2)
[0.544s] Level 1:colcon.colcon_core.environment:create_environment_scripts_only(linorobot2_base)
[0.544s] Level 1:colcon.colcon_core.environment:checking '/home/ws/install/linorobot2_base' for CMake module files
[0.545s] DEBUG:colcon.colcon_core.event_handler.log_command:Invoked command in '/home/ws/build/linorobot2_base' returned '0': CMAKE_PREFIX_PATH=${CMAKE_PREFIX_PATH}:/opt/ros/jazzy /usr/bin/cmake --install /home/ws/build/linorobot2_base
[0.545s] Level 1:colcon.colcon_core.environment:checking '/home/ws/install/linorobot2_base' for CMake config files
[0.545s] Level 1:colcon.colcon_core.shell:create_environment_hook('linorobot2_base', 'cmake_prefix_path')
[0.546s] INFO:colcon.colcon_core.shell:Creating environment hook '/home/ws/install/linorobot2_base/share/linorobot2_base/hook/cmake_prefix_path.ps1'
[0.546s] INFO:colcon.colcon_core.shell:Creating environment descriptor '/home/ws/install/linorobot2_base/share/linorobot2_base/hook/cmake_prefix_path.dsv'
[0.546s] INFO:colcon.colcon_core.shell:Creating environment hook '/home/ws/install/linorobot2_base/share/linorobot2_base/hook/cmake_prefix_path.sh'
[0.547s] Level 1:colcon.colcon_core.environment:checking '/home/ws/install/linorobot2_base/bin'
[0.547s] Level 1:colcon.colcon_core.environment:checking '/home/ws/install/linorobot2_base/lib/pkgconfig/linorobot2_base.pc'
[0.547s] Level 1:colcon.colcon_core.environment:checking '/home/ws/install/linorobot2_base/lib/python3.12/site-packages'
[0.548s] Level 1:colcon.colcon_core.environment:checking '/home/ws/install/linorobot2_base/bin'
[0.548s] INFO:colcon.colcon_core.shell:Creating package script '/home/ws/install/linorobot2_base/share/linorobot2_base/package.ps1'
[0.549s] INFO:colcon.colcon_core.shell:Creating package descriptor '/home/ws/install/linorobot2_base/share/linorobot2_base/package.dsv'
[0.549s] INFO:colcon.colcon_core.shell:Creating package script '/home/ws/install/linorobot2_base/share/linorobot2_base/package.sh'
[0.549s] INFO:colcon.colcon_core.shell:Creating package script '/home/ws/install/linorobot2_base/share/linorobot2_base/package.bash'
[0.550s] INFO:colcon.colcon_core.shell:Creating package script '/home/ws/install/linorobot2_base/share/linorobot2_base/package.zsh'
[0.550s] Level 1:colcon.colcon_core.environment:create_file_with_runtime_dependencies(/home/ws/install/linorobot2_base/share/colcon-core/packages/linorobot2_base)
[0.551s] Level 1:colcon.colcon_core.environment:create_environment_scripts_only(linorobot2_base)
[0.551s] Level 1:colcon.colcon_core.environment:checking '/home/ws/install/linorobot2_base' for CMake module files
[0.551s] Level 1:colcon.colcon_core.environment:checking '/home/ws/install/linorobot2_base' for CMake config files
[0.552s] Level 1:colcon.colcon_core.shell:create_environment_hook('linorobot2_base', 'cmake_prefix_path')
[0.552s] INFO:colcon.colcon_core.shell:Creating environment hook '/home/ws/install/linorobot2_base/share/linorobot2_base/hook/cmake_prefix_path.ps1'
[0.553s] INFO:colcon.colcon_core.shell:Creating environment descriptor '/home/ws/install/linorobot2_base/share/linorobot2_base/hook/cmake_prefix_path.dsv'
[0.554s] INFO:colcon.colcon_core.shell:Creating environment hook '/home/ws/install/linorobot2_base/share/linorobot2_base/hook/cmake_prefix_path.sh'
[0.554s] Level 1:colcon.colcon_core.environment:checking '/home/ws/install/linorobot2_base/bin'
[0.554s] Level 1:colcon.colcon_core.environment:checking '/home/ws/install/linorobot2_base/lib/pkgconfig/linorobot2_base.pc'
[0.555s] Level 1:colcon.colcon_core.environment:checking '/home/ws/install/linorobot2_base/lib/python3.12/site-packages'
[0.555s] Level 1:colcon.colcon_core.environment:checking '/home/ws/install/linorobot2_base/bin'
[0.555s] INFO:colcon.colcon_core.shell:Creating package script '/home/ws/install/linorobot2_base/share/linorobot2_base/package.ps1'
[0.556s] INFO:colcon.colcon_core.shell:Creating package descriptor '/home/ws/install/linorobot2_base/share/linorobot2_base/package.dsv'
[0.557s] INFO:colcon.colcon_core.shell:Creating package script '/home/ws/install/linorobot2_base/share/linorobot2_base/package.sh'
[0.557s] INFO:colcon.colcon_core.shell:Creating package script '/home/ws/install/linorobot2_base/share/linorobot2_base/package.bash'
[0.557s] INFO:colcon.colcon_core.shell:Creating package script '/home/ws/install/linorobot2_base/share/linorobot2_base/package.zsh'
[0.560s] Level 1:colcon.colcon_core.environment:create_file_with_runtime_dependencies(/home/ws/install/linorobot2_base/share/colcon-core/packages/linorobot2_base)
[0.564s] DEBUG:colcon.colcon_core.event_handler.log_command:Invoked command in '/home/ws/build/linorobot2_description' returned '0': CMAKE_PREFIX_PATH=${CMAKE_PREFIX_PATH}:/opt/ros/jazzy /usr/bin/cmake --build /home/ws/build/linorobot2_description -- -j16 -l16
[0.565s] DEBUG:colcon.colcon_core.event_handler.log_command:Invoking command in '/home/ws/build/linorobot2_description': CMAKE_PREFIX_PATH=${CMAKE_PREFIX_PATH}:/opt/ros/jazzy /usr/bin/cmake --install /home/ws/build/linorobot2_description
[0.565s] Level 1:colcon.colcon_core.environment:create_environment_scripts_only(micro_ros_msgs)
[0.565s] Level 1:colcon.colcon_core.environment:checking '/home/ws/install/micro_ros_msgs' for CMake module files
[0.565s] DEBUG:colcon.colcon_core.event_handler.log_command:Invoked command in '/home/ws/build/micro_ros_msgs' returned '0': CMAKE_PREFIX_PATH=${CMAKE_PREFIX_PATH}:/opt/ros/jazzy /usr/bin/cmake --install /home/ws/build/micro_ros_msgs
[0.566s] Level 1:colcon.colcon_core.environment:checking '/home/ws/install/micro_ros_msgs' for CMake config files
[0.567s] Level 1:colcon.colcon_core.shell:create_environment_hook('micro_ros_msgs', 'cmake_prefix_path')
[0.567s] INFO:colcon.colcon_core.shell:Creating environment hook '/home/ws/install/micro_ros_msgs/share/micro_ros_msgs/hook/cmake_prefix_path.ps1'
[0.568s] INFO:colcon.colcon_core.shell:Creating environment descriptor '/home/ws/install/micro_ros_msgs/share/micro_ros_msgs/hook/cmake_prefix_path.dsv'
[0.568s] INFO:colcon.colcon_core.shell:Creating environment hook '/home/ws/install/micro_ros_msgs/share/micro_ros_msgs/hook/cmake_prefix_path.sh'
[0.569s] Level 1:colcon.colcon_core.environment:checking '/home/ws/install/micro_ros_msgs/lib'
[0.569s] Level 1:colcon.colcon_core.shell:create_environment_hook('micro_ros_msgs', 'ld_library_path_lib')
[0.569s] INFO:colcon.colcon_core.shell:Creating environment hook '/home/ws/install/micro_ros_msgs/share/micro_ros_msgs/hook/ld_library_path_lib.ps1'
[0.570s] INFO:colcon.colcon_core.shell:Creating environment descriptor '/home/ws/install/micro_ros_msgs/share/micro_ros_msgs/hook/ld_library_path_lib.dsv'
[0.570s] INFO:colcon.colcon_core.shell:Creating environment hook '/home/ws/install/micro_ros_msgs/share/micro_ros_msgs/hook/ld_library_path_lib.sh'
[0.571s] Level 1:colcon.colcon_core.environment:checking '/home/ws/install/micro_ros_msgs/bin'
[0.571s] Level 1:colcon.colcon_core.environment:checking '/home/ws/install/micro_ros_msgs/lib/pkgconfig/micro_ros_msgs.pc'
[0.571s] Level 1:colcon.colcon_core.environment:checking '/home/ws/install/micro_ros_msgs/lib/python3.12/site-packages'
[0.571s] Level 1:colcon.colcon_core.shell:create_environment_hook('micro_ros_msgs', 'pythonpath')
[0.572s] INFO:colcon.colcon_core.shell:Creating environment hook '/home/ws/install/micro_ros_msgs/share/micro_ros_msgs/hook/pythonpath.ps1'
[0.574s] INFO:colcon.colcon_core.shell:Creating environment descriptor '/home/ws/install/micro_ros_msgs/share/micro_ros_msgs/hook/pythonpath.dsv'
[0.575s] INFO:colcon.colcon_core.shell:Creating environment hook '/home/ws/install/micro_ros_msgs/share/micro_ros_msgs/hook/pythonpath.sh'
[0.575s] Level 1:colcon.colcon_core.environment:checking '/home/ws/install/micro_ros_msgs/bin'
[0.576s] INFO:colcon.colcon_core.shell:Creating package script '/home/ws/install/micro_ros_msgs/share/micro_ros_msgs/package.ps1'
[0.576s] INFO:colcon.colcon_core.shell:Creating package descriptor '/home/ws/install/micro_ros_msgs/share/micro_ros_msgs/package.dsv'
[0.577s] INFO:colcon.colcon_core.shell:Creating package script '/home/ws/install/micro_ros_msgs/share/micro_ros_msgs/package.sh'
[0.577s] INFO:colcon.colcon_core.shell:Creating package script '/home/ws/install/micro_ros_msgs/share/micro_ros_msgs/package.bash'
[0.578s] INFO:colcon.colcon_core.shell:Creating package script '/home/ws/install/micro_ros_msgs/share/micro_ros_msgs/package.zsh'
[0.579s] Level 1:colcon.colcon_core.environment:create_file_with_runtime_dependencies(/home/ws/install/micro_ros_msgs/share/colcon-core/packages/micro_ros_msgs)
[0.580s] Level 1:colcon.colcon_core.environment:create_environment_scripts_only(micro_ros_msgs)
[0.580s] Level 1:colcon.colcon_core.environment:checking '/home/ws/install/micro_ros_msgs' for CMake module files
[0.581s] Level 1:colcon.colcon_core.environment:checking '/home/ws/install/micro_ros_msgs' for CMake config files
[0.581s] Level 1:colcon.colcon_core.shell:create_environment_hook('micro_ros_msgs', 'cmake_prefix_path')
[0.581s] INFO:colcon.colcon_core.shell:Creating environment hook '/home/ws/install/micro_ros_msgs/share/micro_ros_msgs/hook/cmake_prefix_path.ps1'
[0.582s] INFO:colcon.colcon_core.shell:Creating environment descriptor '/home/ws/install/micro_ros_msgs/share/micro_ros_msgs/hook/cmake_prefix_path.dsv'
[0.582s] INFO:colcon.colcon_core.shell:Creating environment hook '/home/ws/install/micro_ros_msgs/share/micro_ros_msgs/hook/cmake_prefix_path.sh'
[0.583s] Level 1:colcon.colcon_core.environment:checking '/home/ws/install/micro_ros_msgs/lib'
[0.583s] Level 1:colcon.colcon_core.shell:create_environment_hook('micro_ros_msgs', 'ld_library_path_lib')
[0.583s] INFO:colcon.colcon_core.shell:Creating environment hook '/home/ws/install/micro_ros_msgs/share/micro_ros_msgs/hook/ld_library_path_lib.ps1'
[0.584s] INFO:colcon.colcon_core.shell:Creating environment descriptor '/home/ws/install/micro_ros_msgs/share/micro_ros_msgs/hook/ld_library_path_lib.dsv'
[0.584s] INFO:colcon.colcon_core.shell:Creating environment hook '/home/ws/install/micro_ros_msgs/share/micro_ros_msgs/hook/ld_library_path_lib.sh'
[0.584s] Level 1:colcon.colcon_core.environment:checking '/home/ws/install/micro_ros_msgs/bin'
[0.584s] Level 1:colcon.colcon_core.environment:checking '/home/ws/install/micro_ros_msgs/lib/pkgconfig/micro_ros_msgs.pc'
[0.585s] Level 1:colcon.colcon_core.environment:checking '/home/ws/install/micro_ros_msgs/lib/python3.12/site-packages'
[0.585s] Level 1:colcon.colcon_core.shell:create_environment_hook('micro_ros_msgs', 'pythonpath')
[0.585s] INFO:colcon.colcon_core.shell:Creating environment hook '/home/ws/install/micro_ros_msgs/share/micro_ros_msgs/hook/pythonpath.ps1'
[0.585s] INFO:colcon.colcon_core.shell:Creating environment descriptor '/home/ws/install/micro_ros_msgs/share/micro_ros_msgs/hook/pythonpath.dsv'
[0.586s] INFO:colcon.colcon_core.shell:Creating environment hook '/home/ws/install/micro_ros_msgs/share/micro_ros_msgs/hook/pythonpath.sh'
[0.586s] Level 1:colcon.colcon_core.environment:checking '/home/ws/install/micro_ros_msgs/bin'
[0.587s] INFO:colcon.colcon_core.shell:Creating package script '/home/ws/install/micro_ros_msgs/share/micro_ros_msgs/package.ps1'
[0.587s] INFO:colcon.colcon_core.shell:Creating package descriptor '/home/ws/install/micro_ros_msgs/share/micro_ros_msgs/package.dsv'
[0.588s] INFO:colcon.colcon_core.shell:Creating package script '/home/ws/install/micro_ros_msgs/share/micro_ros_msgs/package.sh'
[0.588s] INFO:colcon.colcon_core.shell:Creating package script '/home/ws/install/micro_ros_msgs/share/micro_ros_msgs/package.bash'
[0.589s] INFO:colcon.colcon_core.shell:Creating package script '/home/ws/install/micro_ros_msgs/share/micro_ros_msgs/package.zsh'
[0.589s] Level 1:colcon.colcon_core.environment:create_file_with_runtime_dependencies(/home/ws/install/micro_ros_msgs/share/colcon-core/packages/micro_ros_msgs)
[0.589s] INFO:colcon.colcon_ros.task.ament_cmake.build:Building ROS package in '/home/ws/src/micro-ROS-Agent/micro_ros_agent' with build type 'ament_cmake'
[0.590s] INFO:colcon.colcon_cmake.task.cmake.build:Building CMake package in '/home/ws/src/micro-ROS-Agent/micro_ros_agent'
[0.590s] INFO:colcon.colcon_core.shell:Skip shell extension 'powershell' for command environment: Not usable outside of PowerShell
[0.590s] DEBUG:colcon.colcon_core.shell:Skip shell extension 'dsv' for command environment
[0.593s] Level 1:colcon.colcon_core.environment:create_environment_scripts_only(linorobot2_description)
[0.593s] Level 1:colcon.colcon_core.environment:checking '/home/ws/install/linorobot2_description' for CMake module files
[0.594s] DEBUG:colcon.colcon_core.event_handler.log_command:Invoked command in '/home/ws/build/linorobot2_description' returned '0': CMAKE_PREFIX_PATH=${CMAKE_PREFIX_PATH}:/opt/ros/jazzy /usr/bin/cmake --install /home/ws/build/linorobot2_description
[0.594s] Level 1:colcon.colcon_core.environment:checking '/home/ws/install/linorobot2_description' for CMake config files
[0.594s] Level 1:colcon.colcon_core.shell:create_environment_hook('linorobot2_description', 'cmake_prefix_path')
[0.594s] INFO:colcon.colcon_core.shell:Creating environment hook '/home/ws/install/linorobot2_description/share/linorobot2_description/hook/cmake_prefix_path.ps1'
[0.595s] INFO:colcon.colcon_core.shell:Creating environment descriptor '/home/ws/install/linorobot2_description/share/linorobot2_description/hook/cmake_prefix_path.dsv'
[0.595s] INFO:colcon.colcon_core.shell:Creating environment hook '/home/ws/install/linorobot2_description/share/linorobot2_description/hook/cmake_prefix_path.sh'
[0.595s] Level 1:colcon.colcon_core.environment:checking '/home/ws/install/linorobot2_description/bin'
[0.595s] Level 1:colcon.colcon_core.environment:checking '/home/ws/install/linorobot2_description/lib/pkgconfig/linorobot2_description.pc'
[0.596s] Level 1:colcon.colcon_core.environment:checking '/home/ws/install/linorobot2_description/lib/python3.12/site-packages'
[0.596s] Level 1:colcon.colcon_core.environment:checking '/home/ws/install/linorobot2_description/bin'
[0.596s] INFO:colcon.colcon_core.shell:Creating package script '/home/ws/install/linorobot2_description/share/linorobot2_description/package.ps1'
[0.597s] INFO:colcon.colcon_core.shell:Creating package descriptor '/home/ws/install/linorobot2_description/share/linorobot2_description/package.dsv'
[0.597s] INFO:colcon.colcon_core.shell:Creating package script '/home/ws/install/linorobot2_description/share/linorobot2_description/package.sh'
[0.597s] INFO:colcon.colcon_core.shell:Creating package script '/home/ws/install/linorobot2_description/share/linorobot2_description/package.bash'
[0.598s] INFO:colcon.colcon_core.shell:Creating package script '/home/ws/install/linorobot2_description/share/linorobot2_description/package.zsh'
[0.598s] Level 1:colcon.colcon_core.environment:create_file_with_runtime_dependencies(/home/ws/install/linorobot2_description/share/colcon-core/packages/linorobot2_description)
[0.599s] Level 1:colcon.colcon_core.environment:create_environment_scripts_only(linorobot2_description)
[0.599s] Level 1:colcon.colcon_core.environment:checking '/home/ws/install/linorobot2_description' for CMake module files
[0.599s] Level 1:colcon.colcon_core.environment:checking '/home/ws/install/linorobot2_description' for CMake config files
[0.600s] Level 1:colcon.colcon_core.shell:create_environment_hook('linorobot2_description', 'cmake_prefix_path')
[0.600s] INFO:colcon.colcon_core.shell:Creating environment hook '/home/ws/install/linorobot2_description/share/linorobot2_description/hook/cmake_prefix_path.ps1'
[0.600s] INFO:colcon.colcon_core.shell:Creating environment descriptor '/home/ws/install/linorobot2_description/share/linorobot2_description/hook/cmake_prefix_path.dsv'
[0.601s] INFO:colcon.colcon_core.shell:Creating environment hook '/home/ws/install/linorobot2_description/share/linorobot2_description/hook/cmake_prefix_path.sh'
[0.601s] Level 1:colcon.colcon_core.environment:checking '/home/ws/install/linorobot2_description/bin'
[0.601s] Level 1:colcon.colcon_core.environment:checking '/home/ws/install/linorobot2_description/lib/pkgconfig/linorobot2_description.pc'
[0.602s] Level 1:colcon.colcon_core.environment:checking '/home/ws/install/linorobot2_description/lib/python3.12/site-packages'
[0.602s] Level 1:colcon.colcon_core.environment:checking '/home/ws/install/linorobot2_description/bin'
[0.602s] INFO:colcon.colcon_core.shell:Creating package script '/home/ws/install/linorobot2_description/share/linorobot2_description/package.ps1'
[0.603s] INFO:colcon.colcon_core.shell:Creating package descriptor '/home/ws/install/linorobot2_description/share/linorobot2_description/package.dsv'
[0.603s] INFO:colcon.colcon_core.shell:Creating package script '/home/ws/install/linorobot2_description/share/linorobot2_description/package.sh'
[0.604s] INFO:colcon.colcon_core.shell:Creating package script '/home/ws/install/linorobot2_description/share/linorobot2_description/package.bash'
[0.606s] INFO:colcon.colcon_core.shell:Creating package script '/home/ws/install/linorobot2_description/share/linorobot2_description/package.zsh'
[0.607s] Level 1:colcon.colcon_core.environment:create_file_with_runtime_dependencies(/home/ws/install/linorobot2_description/share/colcon-core/packages/linorobot2_description)
[0.610s] DEBUG:colcon.colcon_core.event_handler.log_command:Invoking command in '/home/ws/build/micro_ros_agent': CMAKE_PREFIX_PATH=/home/ws/install/micro_ros_msgs:/home/ws/install/micro_ros_agent:/opt/ros/jazzy/opt/gz_math_vendor:/opt/ros/jazzy/opt/gz_utils_vendor:/opt/ros/jazzy/opt/gz_cmake_vendor:/opt/ros/jazzy LD_LIBRARY_PATH=/home/ws/install/micro_ros_msgs/lib:/home/ws/install/micro_ros_agent/lib:/opt/ros/jazzy/opt/rviz_ogre_vendor/lib:/opt/ros/jazzy/lib/x86_64-linux-gnu:/opt/ros/jazzy/opt/gz_math_vendor/lib:/opt/ros/jazzy/opt/gz_utils_vendor/lib:/opt/ros/jazzy/opt/gz_cmake_vendor/lib:/opt/ros/jazzy/lib /usr/bin/cmake --build /home/ws/build/micro_ros_agent -- -j16 -l16
[0.760s] DEBUG:colcon.colcon_core.event_handler.log_command:Invoked command in '/home/ws/build/micro_ros_agent' returned '0': CMAKE_PREFIX_PATH=/home/ws/install/micro_ros_msgs:/home/ws/install/micro_ros_agent:/opt/ros/jazzy/opt/gz_math_vendor:/opt/ros/jazzy/opt/gz_utils_vendor:/opt/ros/jazzy/opt/gz_cmake_vendor:/opt/ros/jazzy LD_LIBRARY_PATH=/home/ws/install/micro_ros_msgs/lib:/home/ws/install/micro_ros_agent/lib:/opt/ros/jazzy/opt/rviz_ogre_vendor/lib:/opt/ros/jazzy/lib/x86_64-linux-gnu:/opt/ros/jazzy/opt/gz_math_vendor/lib:/opt/ros/jazzy/opt/gz_utils_vendor/lib:/opt/ros/jazzy/opt/gz_cmake_vendor/lib:/opt/ros/jazzy/lib /usr/bin/cmake --build /home/ws/build/micro_ros_agent -- -j16 -l16
[0.761s] DEBUG:colcon.colcon_core.event_handler.log_command:Invoking command in '/home/ws/build/micro_ros_agent': CMAKE_PREFIX_PATH=/home/ws/install/micro_ros_msgs:/home/ws/install/micro_ros_agent:/opt/ros/jazzy/opt/gz_math_vendor:/opt/ros/jazzy/opt/gz_utils_vendor:/opt/ros/jazzy/opt/gz_cmake_vendor:/opt/ros/jazzy LD_LIBRARY_PATH=/home/ws/install/micro_ros_msgs/lib:/home/ws/install/micro_ros_agent/lib:/opt/ros/jazzy/opt/rviz_ogre_vendor/lib:/opt/ros/jazzy/lib/x86_64-linux-gnu:/opt/ros/jazzy/opt/gz_math_vendor/lib:/opt/ros/jazzy/opt/gz_utils_vendor/lib:/opt/ros/jazzy/opt/gz_cmake_vendor/lib:/opt/ros/jazzy/lib /usr/bin/cmake --install /home/ws/build/micro_ros_agent
[0.768s] DEBUG:colcon.colcon_core.event_handler.log_command:Invoked command in '/home/ws/build/linorobot2_navigation' returned '0': CMAKE_PREFIX_PATH=${CMAKE_PREFIX_PATH}:/opt/ros/jazzy /usr/bin/cmake --build /home/ws/build/linorobot2_navigation -- -j16 -l16
[0.769s] DEBUG:colcon.colcon_core.event_handler.log_command:Invoking command in '/home/ws/build/linorobot2_navigation': CMAKE_PREFIX_PATH=${CMAKE_PREFIX_PATH}:/opt/ros/jazzy /usr/bin/cmake --install /home/ws/build/linorobot2_navigation
[0.771s] Level 1:colcon.colcon_core.environment:create_environment_scripts_only(micro_ros_agent)
[0.771s] Level 1:colcon.colcon_core.environment:checking '/home/ws/install/micro_ros_agent' for CMake module files
[0.772s] DEBUG:colcon.colcon_core.event_handler.log_command:Invoked command in '/home/ws/build/micro_ros_agent' returned '0': CMAKE_PREFIX_PATH=/home/ws/install/micro_ros_msgs:/home/ws/install/micro_ros_agent:/opt/ros/jazzy/opt/gz_math_vendor:/opt/ros/jazzy/opt/gz_utils_vendor:/opt/ros/jazzy/opt/gz_cmake_vendor:/opt/ros/jazzy LD_LIBRARY_PATH=/home/ws/install/micro_ros_msgs/lib:/home/ws/install/micro_ros_agent/lib:/opt/ros/jazzy/opt/rviz_ogre_vendor/lib:/opt/ros/jazzy/lib/x86_64-linux-gnu:/opt/ros/jazzy/opt/gz_math_vendor/lib:/opt/ros/jazzy/opt/gz_utils_vendor/lib:/opt/ros/jazzy/opt/gz_cmake_vendor/lib:/opt/ros/jazzy/lib /usr/bin/cmake --install /home/ws/build/micro_ros_agent
[0.772s] Level 1:colcon.colcon_core.environment:checking '/home/ws/install/micro_ros_agent' for CMake config files
[0.773s] Level 1:colcon.colcon_core.shell:create_environment_hook('micro_ros_agent', 'cmake_prefix_path')
[0.773s] INFO:colcon.colcon_core.shell:Creating environment hook '/home/ws/install/micro_ros_agent/share/micro_ros_agent/hook/cmake_prefix_path.ps1'
[0.773s] INFO:colcon.colcon_core.shell:Creating environment descriptor '/home/ws/install/micro_ros_agent/share/micro_ros_agent/hook/cmake_prefix_path.dsv'
[0.774s] INFO:colcon.colcon_core.shell:Creating environment hook '/home/ws/install/micro_ros_agent/share/micro_ros_agent/hook/cmake_prefix_path.sh'
[0.774s] Level 1:colcon.colcon_core.environment:checking '/home/ws/install/micro_ros_agent/lib'
[0.774s] Level 1:colcon.colcon_core.shell:create_environment_hook('micro_ros_agent', 'ld_library_path_lib')
[0.774s] INFO:colcon.colcon_core.shell:Creating environment hook '/home/ws/install/micro_ros_agent/share/micro_ros_agent/hook/ld_library_path_lib.ps1'
[0.775s] INFO:colcon.colcon_core.shell:Creating environment descriptor '/home/ws/install/micro_ros_agent/share/micro_ros_agent/hook/ld_library_path_lib.dsv'
[0.775s] INFO:colcon.colcon_core.shell:Creating environment hook '/home/ws/install/micro_ros_agent/share/micro_ros_agent/hook/ld_library_path_lib.sh'
[0.775s] Level 1:colcon.colcon_core.environment:checking '/home/ws/install/micro_ros_agent/bin'
[0.775s] Level 1:colcon.colcon_core.environment:checking '/home/ws/install/micro_ros_agent/lib/pkgconfig/micro_ros_agent.pc'
[0.775s] Level 1:colcon.colcon_core.environment:checking '/home/ws/install/micro_ros_agent/lib/python3.12/site-packages'
[0.776s] Level 1:colcon.colcon_core.environment:checking '/home/ws/install/micro_ros_agent/bin'
[0.776s] INFO:colcon.colcon_core.shell:Creating package script '/home/ws/install/micro_ros_agent/share/micro_ros_agent/package.ps1'
[0.776s] INFO:colcon.colcon_core.shell:Creating package descriptor '/home/ws/install/micro_ros_agent/share/micro_ros_agent/package.dsv'
[0.777s] INFO:colcon.colcon_core.shell:Creating package script '/home/ws/install/micro_ros_agent/share/micro_ros_agent/package.sh'
[0.778s] INFO:colcon.colcon_core.shell:Creating package script '/home/ws/install/micro_ros_agent/share/micro_ros_agent/package.bash'
[0.778s] INFO:colcon.colcon_core.shell:Creating package script '/home/ws/install/micro_ros_agent/share/micro_ros_agent/package.zsh'
[0.778s] Level 1:colcon.colcon_core.environment:create_file_with_runtime_dependencies(/home/ws/install/micro_ros_agent/share/colcon-core/packages/micro_ros_agent)
[0.779s] Level 1:colcon.colcon_core.environment:create_environment_scripts_only(micro_ros_agent)
[0.779s] Level 1:colcon.colcon_core.environment:checking '/home/ws/install/micro_ros_agent' for CMake module files
[0.779s] Level 1:colcon.colcon_core.environment:checking '/home/ws/install/micro_ros_agent' for CMake config files
[0.780s] Level 1:colcon.colcon_core.shell:create_environment_hook('micro_ros_agent', 'cmake_prefix_path')
[0.780s] INFO:colcon.colcon_core.shell:Creating environment hook '/home/ws/install/micro_ros_agent/share/micro_ros_agent/hook/cmake_prefix_path.ps1'
[0.780s] INFO:colcon.colcon_core.shell:Creating environment descriptor '/home/ws/install/micro_ros_agent/share/micro_ros_agent/hook/cmake_prefix_path.dsv'
[0.781s] INFO:colcon.colcon_core.shell:Creating environment hook '/home/ws/install/micro_ros_agent/share/micro_ros_agent/hook/cmake_prefix_path.sh'
[0.782s] Level 1:colcon.colcon_core.environment:checking '/home/ws/install/micro_ros_agent/lib'
[0.782s] Level 1:colcon.colcon_core.shell:create_environment_hook('micro_ros_agent', 'ld_library_path_lib')
[0.782s] INFO:colcon.colcon_core.shell:Creating environment hook '/home/ws/install/micro_ros_agent/share/micro_ros_agent/hook/ld_library_path_lib.ps1'
[0.782s] INFO:colcon.colcon_core.shell:Creating environment descriptor '/home/ws/install/micro_ros_agent/share/micro_ros_agent/hook/ld_library_path_lib.dsv'
[0.783s] INFO:colcon.colcon_core.shell:Creating environment hook '/home/ws/install/micro_ros_agent/share/micro_ros_agent/hook/ld_library_path_lib.sh'
[0.783s] Level 1:colcon.colcon_core.environment:checking '/home/ws/install/micro_ros_agent/bin'
[0.783s] Level 1:colcon.colcon_core.environment:checking '/home/ws/install/micro_ros_agent/lib/pkgconfig/micro_ros_agent.pc'
[0.783s] Level 1:colcon.colcon_core.environment:checking '/home/ws/install/micro_ros_agent/lib/python3.12/site-packages'
[0.784s] Level 1:colcon.colcon_core.environment:checking '/home/ws/install/micro_ros_agent/bin'
[0.784s] INFO:colcon.colcon_core.shell:Creating package script '/home/ws/install/micro_ros_agent/share/micro_ros_agent/package.ps1'
[0.784s] INFO:colcon.colcon_core.shell:Creating package descriptor '/home/ws/install/micro_ros_agent/share/micro_ros_agent/package.dsv'
[0.785s] INFO:colcon.colcon_core.shell:Creating package script '/home/ws/install/micro_ros_agent/share/micro_ros_agent/package.sh'
[0.785s] INFO:colcon.colcon_core.shell:Creating package script '/home/ws/install/micro_ros_agent/share/micro_ros_agent/package.bash'
[0.785s] INFO:colcon.colcon_core.shell:Creating package script '/home/ws/install/micro_ros_agent/share/micro_ros_agent/package.zsh'
[0.785s] Level 1:colcon.colcon_core.environment:create_file_with_runtime_dependencies(/home/ws/install/micro_ros_agent/share/colcon-core/packages/micro_ros_agent)
[0.786s] INFO:colcon.colcon_ros.task.ament_cmake.build:Building ROS package in '/home/ws/src/linorobot2/linorobot2_bringup' with build type 'ament_cmake'
[0.786s] INFO:colcon.colcon_cmake.task.cmake.build:Building CMake package in '/home/ws/src/linorobot2/linorobot2_bringup'
[0.786s] INFO:colcon.colcon_core.shell:Skip shell extension 'powershell' for command environment: Not usable outside of PowerShell
[0.786s] DEBUG:colcon.colcon_core.shell:Skip shell extension 'dsv' for command environment
[0.789s] Level 1:colcon.colcon_core.environment:create_environment_scripts_only(linorobot2_navigation)
[0.789s] Level 1:colcon.colcon_core.environment:checking '/home/ws/install/linorobot2_navigation' for CMake module files
[0.789s] DEBUG:colcon.colcon_core.event_handler.log_command:Invoked command in '/home/ws/build/linorobot2_navigation' returned '0': CMAKE_PREFIX_PATH=${CMAKE_PREFIX_PATH}:/opt/ros/jazzy /usr/bin/cmake --install /home/ws/build/linorobot2_navigation
[0.790s] Level 1:colcon.colcon_core.environment:checking '/home/ws/install/linorobot2_navigation' for CMake config files
[0.790s] Level 1:colcon.colcon_core.shell:create_environment_hook('linorobot2_navigation', 'cmake_prefix_path')
[0.790s] INFO:colcon.colcon_core.shell:Creating environment hook '/home/ws/install/linorobot2_navigation/share/linorobot2_navigation/hook/cmake_prefix_path.ps1'
[0.790s] INFO:colcon.colcon_core.shell:Creating environment descriptor '/home/ws/install/linorobot2_navigation/share/linorobot2_navigation/hook/cmake_prefix_path.dsv'
[0.790s] INFO:colcon.colcon_core.shell:Creating environment hook '/home/ws/install/linorobot2_navigation/share/linorobot2_navigation/hook/cmake_prefix_path.sh'
[0.791s] Level 1:colcon.colcon_core.environment:checking '/home/ws/install/linorobot2_navigation/bin'
[0.791s] Level 1:colcon.colcon_core.environment:checking '/home/ws/install/linorobot2_navigation/lib/pkgconfig/linorobot2_navigation.pc'
[0.791s] Level 1:colcon.colcon_core.environment:checking '/home/ws/install/linorobot2_navigation/lib/python3.12/site-packages'
[0.791s] Level 1:colcon.colcon_core.environment:checking '/home/ws/install/linorobot2_navigation/bin'
[0.791s] INFO:colcon.colcon_core.shell:Creating package script '/home/ws/install/linorobot2_navigation/share/linorobot2_navigation/package.ps1'
[0.792s] INFO:colcon.colcon_core.shell:Creating package descriptor '/home/ws/install/linorobot2_navigation/share/linorobot2_navigation/package.dsv'
[0.792s] INFO:colcon.colcon_core.shell:Creating package script '/home/ws/install/linorobot2_navigation/share/linorobot2_navigation/package.sh'
[0.792s] INFO:colcon.colcon_core.shell:Creating package script '/home/ws/install/linorobot2_navigation/share/linorobot2_navigation/package.bash'
[0.792s] INFO:colcon.colcon_core.shell:Creating package script '/home/ws/install/linorobot2_navigation/share/linorobot2_navigation/package.zsh'
[0.792s] Level 1:colcon.colcon_core.environment:create_file_with_runtime_dependencies(/home/ws/install/linorobot2_navigation/share/colcon-core/packages/linorobot2_navigation)
[0.793s] Level 1:colcon.colcon_core.environment:create_environment_scripts_only(linorobot2_navigation)
[0.793s] Level 1:colcon.colcon_core.environment:checking '/home/ws/install/linorobot2_navigation' for CMake module files
[0.793s] Level 1:colcon.colcon_core.environment:checking '/home/ws/install/linorobot2_navigation' for CMake config files
[0.793s] Level 1:colcon.colcon_core.shell:create_environment_hook('linorobot2_navigation', 'cmake_prefix_path')
[0.793s] INFO:colcon.colcon_core.shell:Creating environment hook '/home/ws/install/linorobot2_navigation/share/linorobot2_navigation/hook/cmake_prefix_path.ps1'
[0.793s] INFO:colcon.colcon_core.shell:Creating environment descriptor '/home/ws/install/linorobot2_navigation/share/linorobot2_navigation/hook/cmake_prefix_path.dsv'
[0.794s] INFO:colcon.colcon_core.shell:Creating environment hook '/home/ws/install/linorobot2_navigation/share/linorobot2_navigation/hook/cmake_prefix_path.sh'
[0.794s] Level 1:colcon.colcon_core.environment:checking '/home/ws/install/linorobot2_navigation/bin'
[0.794s] Level 1:colcon.colcon_core.environment:checking '/home/ws/install/linorobot2_navigation/lib/pkgconfig/linorobot2_navigation.pc'
[0.794s] Level 1:colcon.colcon_core.environment:checking '/home/ws/install/linorobot2_navigation/lib/python3.12/site-packages'
[0.794s] Level 1:colcon.colcon_core.environment:checking '/home/ws/install/linorobot2_navigation/bin'
[0.795s] INFO:colcon.colcon_core.shell:Creating package script '/home/ws/install/linorobot2_navigation/share/linorobot2_navigation/package.ps1'
[0.795s] INFO:colcon.colcon_core.shell:Creating package descriptor '/home/ws/install/linorobot2_navigation/share/linorobot2_navigation/package.dsv'
[0.795s] INFO:colcon.colcon_core.shell:Creating package script '/home/ws/install/linorobot2_navigation/share/linorobot2_navigation/package.sh'
[0.795s] INFO:colcon.colcon_core.shell:Creating package script '/home/ws/install/linorobot2_navigation/share/linorobot2_navigation/package.bash'
[0.796s] INFO:colcon.colcon_core.shell:Creating package script '/home/ws/install/linorobot2_navigation/share/linorobot2_navigation/package.zsh'
[0.796s] Level 1:colcon.colcon_core.environment:create_file_with_runtime_dependencies(/home/ws/install/linorobot2_navigation/share/colcon-core/packages/linorobot2_navigation)
[0.798s] DEBUG:colcon.colcon_core.event_handler.log_command:Invoking command in '/home/ws/build/linorobot2_bringup': CMAKE_PREFIX_PATH=${CMAKE_PREFIX_PATH}:/opt/ros/jazzy /usr/bin/cmake --build /home/ws/build/linorobot2_bringup -- -j16 -l16
[0.884s] DEBUG:colcon.colcon_core.task.python.build:Available setuptools commands: bdist_rpm, install_scripts, compile_catalog, easy_install, bdist_egg, build_scripts, install_headers, develop, saveopts, init_catalog, build_py, bdist_dumb, extract_messages, install_lib, setopt, clean, build, install_data, install_egg_info, dist_info, upload_docs, build_ext, egg_info, check, editable_wheel, rotate, symlink_data, install, update_catalog, build_clib, alias, test, upload, bdist, sdist, bdist_wheel, register
[0.886s] DEBUG:colcon.colcon_core.event_handler.log_command:Invoking command in '/home/ws/src/linorobot2/linorobot2_gazebo': PYTHONPATH=/home/ws/build/linorobot2_gazebo/prefix_override:/usr/lib/python3/dist-packages/colcon_core/task/python/colcon_distutils_commands:/home/ws/install/linorobot2_gazebo/lib/python3.12/site-packages:${PYTHONPATH} /usr/bin/python3 -W ignore:setup.py install is deprecated -W ignore:easy_install command is deprecated setup.py egg_info --egg-base ../../../build/linorobot2_gazebo build --build-base /home/ws/build/linorobot2_gazebo/build install --record /home/ws/build/linorobot2_gazebo/install.log --install-scripts $base/lib/linorobot2_gazebo --single-version-externally-managed install_data
[1.056s] DEBUG:colcon.colcon_core.event_handler.log_command:Invoked command in '/home/ws/build/linorobot2_bringup' returned '0': CMAKE_PREFIX_PATH=${CMAKE_PREFIX_PATH}:/opt/ros/jazzy /usr/bin/cmake --build /home/ws/build/linorobot2_bringup -- -j16 -l16
[1.057s] DEBUG:colcon.colcon_core.event_handler.log_command:Invoking command in '/home/ws/build/linorobot2_bringup': CMAKE_PREFIX_PATH=${CMAKE_PREFIX_PATH}:/opt/ros/jazzy /usr/bin/cmake --install /home/ws/build/linorobot2_bringup
[1.066s] Level 1:colcon.colcon_core.environment:create_environment_scripts_only(linorobot2_bringup)
[1.067s] Level 1:colcon.colcon_core.environment:checking '/home/ws/install/linorobot2_bringup' for CMake module files
[1.067s] DEBUG:colcon.colcon_core.event_handler.log_command:Invoked command in '/home/ws/build/linorobot2_bringup' returned '0': CMAKE_PREFIX_PATH=${CMAKE_PREFIX_PATH}:/opt/ros/jazzy /usr/bin/cmake --install /home/ws/build/linorobot2_bringup
[1.068s] Level 1:colcon.colcon_core.environment:checking '/home/ws/install/linorobot2_bringup' for CMake config files
[1.068s] Level 1:colcon.colcon_core.shell:create_environment_hook('linorobot2_bringup', 'cmake_prefix_path')
[1.068s] INFO:colcon.colcon_core.shell:Creating environment hook '/home/ws/install/linorobot2_bringup/share/linorobot2_bringup/hook/cmake_prefix_path.ps1'
[1.069s] INFO:colcon.colcon_core.shell:Creating environment descriptor '/home/ws/install/linorobot2_bringup/share/linorobot2_bringup/hook/cmake_prefix_path.dsv'
[1.069s] INFO:colcon.colcon_core.shell:Creating environment hook '/home/ws/install/linorobot2_bringup/share/linorobot2_bringup/hook/cmake_prefix_path.sh'
[1.069s] Level 1:colcon.colcon_core.environment:checking '/home/ws/install/linorobot2_bringup/bin'
[1.069s] Level 1:colcon.colcon_core.environment:checking '/home/ws/install/linorobot2_bringup/lib/pkgconfig/linorobot2_bringup.pc'
[1.070s] Level 1:colcon.colcon_core.environment:checking '/home/ws/install/linorobot2_bringup/lib/python3.12/site-packages'
[1.070s] Level 1:colcon.colcon_core.environment:checking '/home/ws/install/linorobot2_bringup/bin'
[1.070s] INFO:colcon.colcon_core.shell:Creating package script '/home/ws/install/linorobot2_bringup/share/linorobot2_bringup/package.ps1'
[1.070s] INFO:colcon.colcon_core.shell:Creating package descriptor '/home/ws/install/linorobot2_bringup/share/linorobot2_bringup/package.dsv'
[1.071s] INFO:colcon.colcon_core.shell:Creating package script '/home/ws/install/linorobot2_bringup/share/linorobot2_bringup/package.sh'
[1.071s] INFO:colcon.colcon_core.shell:Creating package script '/home/ws/install/linorobot2_bringup/share/linorobot2_bringup/package.bash'
[1.071s] INFO:colcon.colcon_core.shell:Creating package script '/home/ws/install/linorobot2_bringup/share/linorobot2_bringup/package.zsh'
[1.072s] Level 1:colcon.colcon_core.environment:create_file_with_runtime_dependencies(/home/ws/install/linorobot2_bringup/share/colcon-core/packages/linorobot2_bringup)
[1.072s] Level 1:colcon.colcon_core.environment:create_environment_scripts_only(linorobot2_bringup)
[1.072s] Level 1:colcon.colcon_core.environment:checking '/home/ws/install/linorobot2_bringup' for CMake module files
[1.072s] Level 1:colcon.colcon_core.environment:checking '/home/ws/install/linorobot2_bringup' for CMake config files
[1.073s] Level 1:colcon.colcon_core.shell:create_environment_hook('linorobot2_bringup', 'cmake_prefix_path')
[1.073s] INFO:colcon.colcon_core.shell:Creating environment hook '/home/ws/install/linorobot2_bringup/share/linorobot2_bringup/hook/cmake_prefix_path.ps1'
[1.073s] INFO:colcon.colcon_core.shell:Creating environment descriptor '/home/ws/install/linorobot2_bringup/share/linorobot2_bringup/hook/cmake_prefix_path.dsv'
[1.073s] INFO:colcon.colcon_core.shell:Creating environment hook '/home/ws/install/linorobot2_bringup/share/linorobot2_bringup/hook/cmake_prefix_path.sh'
[1.074s] Level 1:colcon.colcon_core.environment:checking '/home/ws/install/linorobot2_bringup/bin'
[1.074s] Level 1:colcon.colcon_core.environment:checking '/home/ws/install/linorobot2_bringup/lib/pkgconfig/linorobot2_bringup.pc'
[1.074s] Level 1:colcon.colcon_core.environment:checking '/home/ws/install/linorobot2_bringup/lib/python3.12/site-packages'
[1.074s] Level 1:colcon.colcon_core.environment:checking '/home/ws/install/linorobot2_bringup/bin'
[1.074s] INFO:colcon.colcon_core.shell:Creating package script '/home/ws/install/linorobot2_bringup/share/linorobot2_bringup/package.ps1'
[1.075s] INFO:colcon.colcon_core.shell:Creating package descriptor '/home/ws/install/linorobot2_bringup/share/linorobot2_bringup/package.dsv'
[1.075s] INFO:colcon.colcon_core.shell:Creating package script '/home/ws/install/linorobot2_bringup/share/linorobot2_bringup/package.sh'
[1.075s] INFO:colcon.colcon_core.shell:Creating package script '/home/ws/install/linorobot2_bringup/share/linorobot2_bringup/package.bash'
[1.075s] INFO:colcon.colcon_core.shell:Creating package script '/home/ws/install/linorobot2_bringup/share/linorobot2_bringup/package.zsh'
[1.076s] Level 1:colcon.colcon_core.environment:create_file_with_runtime_dependencies(/home/ws/install/linorobot2_bringup/share/colcon-core/packages/linorobot2_bringup)
[1.247s] Level 1:colcon.colcon_core.environment:checking '/home/ws/install/linorobot2_gazebo' for CMake module files
[1.247s] DEBUG:colcon.colcon_core.event_handler.log_command:Invoked command in '/home/ws/src/linorobot2/linorobot2_gazebo' returned '0': PYTHONPATH=/home/ws/build/linorobot2_gazebo/prefix_override:/usr/lib/python3/dist-packages/colcon_core/task/python/colcon_distutils_commands:/home/ws/install/linorobot2_gazebo/lib/python3.12/site-packages:${PYTHONPATH} /usr/bin/python3 -W ignore:setup.py install is deprecated -W ignore:easy_install command is deprecated setup.py egg_info --egg-base ../../../build/linorobot2_gazebo build --build-base /home/ws/build/linorobot2_gazebo/build install --record /home/ws/build/linorobot2_gazebo/install.log --install-scripts $base/lib/linorobot2_gazebo --single-version-externally-managed install_data
[1.247s] Level 1:colcon.colcon_core.environment:checking '/home/ws/install/linorobot2_gazebo' for CMake config files
[1.248s] Level 1:colcon.colcon_core.shell:create_environment_hook('linorobot2_gazebo', 'cmake_prefix_path')
[1.248s] INFO:colcon.colcon_core.shell:Creating environment hook '/home/ws/install/linorobot2_gazebo/share/linorobot2_gazebo/hook/cmake_prefix_path.ps1'
[1.248s] INFO:colcon.colcon_core.shell:Creating environment descriptor '/home/ws/install/linorobot2_gazebo/share/linorobot2_gazebo/hook/cmake_prefix_path.dsv'
[1.248s] INFO:colcon.colcon_core.shell:Creating environment hook '/home/ws/install/linorobot2_gazebo/share/linorobot2_gazebo/hook/cmake_prefix_path.sh'
[1.249s] Level 1:colcon.colcon_core.environment:checking '/home/ws/install/linorobot2_gazebo/lib'
[1.249s] Level 1:colcon.colcon_core.environment:checking '/home/ws/install/linorobot2_gazebo/bin'
[1.249s] Level 1:colcon.colcon_core.environment:checking '/home/ws/install/linorobot2_gazebo/lib/pkgconfig/linorobot2_gazebo.pc'
[1.249s] Level 1:colcon.colcon_core.environment:checking '/home/ws/install/linorobot2_gazebo/lib/python3.12/site-packages'
[1.249s] Level 1:colcon.colcon_core.shell:create_environment_hook('linorobot2_gazebo', 'pythonpath')
[1.249s] INFO:colcon.colcon_core.shell:Creating environment hook '/home/ws/install/linorobot2_gazebo/share/linorobot2_gazebo/hook/pythonpath.ps1'
[1.249s] INFO:colcon.colcon_core.shell:Creating environment descriptor '/home/ws/install/linorobot2_gazebo/share/linorobot2_gazebo/hook/pythonpath.dsv'
[1.250s] INFO:colcon.colcon_core.shell:Creating environment hook '/home/ws/install/linorobot2_gazebo/share/linorobot2_gazebo/hook/pythonpath.sh'
[1.250s] Level 1:colcon.colcon_core.environment:checking '/home/ws/install/linorobot2_gazebo/bin'
[1.250s] Level 1:colcon.colcon_core.environment:create_environment_scripts_only(linorobot2_gazebo)
[1.250s] INFO:colcon.colcon_core.shell:Creating package script '/home/ws/install/linorobot2_gazebo/share/linorobot2_gazebo/package.ps1'
[1.251s] INFO:colcon.colcon_core.shell:Creating package descriptor '/home/ws/install/linorobot2_gazebo/share/linorobot2_gazebo/package.dsv'
[1.251s] INFO:colcon.colcon_core.shell:Creating package script '/home/ws/install/linorobot2_gazebo/share/linorobot2_gazebo/package.sh'
[1.251s] INFO:colcon.colcon_core.shell:Creating package script '/home/ws/install/linorobot2_gazebo/share/linorobot2_gazebo/package.bash'
[1.251s] INFO:colcon.colcon_core.shell:Creating package script '/home/ws/install/linorobot2_gazebo/share/linorobot2_gazebo/package.zsh'
[1.252s] Level 1:colcon.colcon_core.environment:create_file_with_runtime_dependencies(/home/ws/install/linorobot2_gazebo/share/colcon-core/packages/linorobot2_gazebo)
[1.252s] DEBUG:colcon.colcon_parallel_executor.executor.parallel:closing loop
[1.252s] DEBUG:colcon.colcon_parallel_executor.executor.parallel:loop closed
[1.252s] DEBUG:colcon.colcon_parallel_executor.executor.parallel:run_until_complete finished with '0'
[1.252s] DEBUG:colcon.colcon_core.event_reactor:joining thread
[1.256s] INFO:colcon.colcon_core.plugin_system:Skipping extension 'colcon_notification.desktop_notification.notify_send': Could not find 'notify-send'
[1.257s] INFO:colcon.colcon_core.plugin_system:Skipping extension 'colcon_notification.desktop_notification.terminal_notifier': Not used on non-Darwin systems
[1.257s] INFO:colcon.colcon_core.plugin_system:Skipping extension 'colcon_notification.desktop_notification.win32': Not used on non-Windows systems
[1.257s] INFO:colcon.colcon_notification.desktop_notification:Sending desktop notification using 'notify2'
[1.258s] DEBUG:colcon.colcon_notification.desktop_notification.notify2:Failed to initialize notify2: org.freedesktop.DBus.Error.Spawn.ExecFailed: /usr/bin/dbus-launch terminated abnormally without any error message
[1.259s] DEBUG:colcon.colcon_core.event_reactor:joined thread
[1.259s] INFO:colcon.colcon_core.shell:Creating prefix script '/home/ws/install/local_setup.ps1'
[1.260s] INFO:colcon.colcon_core.shell:Creating prefix util module '/home/ws/install/_local_setup_util_ps1.py'
[1.261s] INFO:colcon.colcon_core.shell:Creating prefix chain script '/home/ws/install/setup.ps1'
[1.262s] INFO:colcon.colcon_core.shell:Creating prefix script '/home/ws/install/local_setup.sh'
[1.262s] INFO:colcon.colcon_core.shell:Creating prefix util module '/home/ws/install/_local_setup_util_sh.py'
[1.263s] INFO:colcon.colcon_core.shell:Creating prefix chain script '/home/ws/install/setup.sh'
[1.263s] INFO:colcon.colcon_core.shell:Creating prefix script '/home/ws/install/local_setup.bash'
[1.264s] INFO:colcon.colcon_core.shell:Creating prefix chain script '/home/ws/install/setup.bash'
[1.265s] INFO:colcon.colcon_core.shell:Creating prefix script '/home/ws/install/local_setup.zsh'
[1.265s] INFO:colcon.colcon_core.shell:Creating prefix chain script '/home/ws/install/setup.zsh'
