[0.068s] DEBUG:colcon:Command line arguments: ['/usr/bin/colcon', 'build']
[0.068s] DEBUG:colcon:Parsed command line arguments: Namespace(log_base=None, log_level=None, verb_name='build', build_base='build', install_base='install', merge_install=False, symlink_install=False, test_result_base=None, continue_on_error=False, executor='parallel', parallel_workers=16, event_handlers=None, ignore_user_meta=False, metas=['./colcon.meta'], base_paths=['.'], packages_ignore=None, packages_ignore_regex=None, paths=None, packages_up_to=None, packages_up_to_regex=None, packages_above=None, packages_above_and_dependencies=None, packages_above_depth=None, packages_select_by_dep=None, packages_skip_by_dep=None, packages_skip_up_to=None, packages_select_build_failed=False, packages_skip_build_finished=False, packages_select_test_failures=False, packages_skip_test_passed=False, packages_select=None, packages_skip=None, packages_select_regex=None, packages_skip_regex=None, packages_start=None, packages_end=None, cmake_args=None, cmake_target=None, cmake_target_skip_unavailable=False, cmake_clean_cache=False, cmake_clean_first=False, cmake_force_configure=False, ament_cmake_args=None, catkin_cmake_args=None, catkin_skip_building_tests=False, mixin_files=None, mixin=None, verb_parser=<colcon_mixin.mixin.mixin_argument.MixinArgumentDecorator object at 0x7f38fd4b8c80>, verb_extension=<colcon_core.verb.build.BuildVerb object at 0x7f38fd610e60>, main=<bound method BuildVerb.main of <colcon_core.verb.build.BuildVerb object at 0x7f38fd610e60>>, mixin_verb=('build',))
[0.096s] Level 1:colcon.colcon_core.package_discovery:discover_packages(colcon_meta) check parameters
[0.096s] Level 1:colcon.colcon_core.package_discovery:discover_packages(recursive) check parameters
[0.096s] Level 1:colcon.colcon_core.package_discovery:discover_packages(ignore) check parameters
[0.096s] Level 1:colcon.colcon_core.package_discovery:discover_packages(path) check parameters
[0.096s] Level 1:colcon.colcon_core.package_discovery:discover_packages(colcon_meta) discover
[0.096s] Level 1:colcon.colcon_core.package_discovery:discover_packages(recursive) discover
[0.096s] INFO:colcon.colcon_core.package_discovery:Crawling recursively for packages in '/home/ws'
[0.096s] Level 1:colcon.colcon_core.package_identification:_identify(.) by extensions ['ignore', 'ignore_ament_install']
[0.096s] Level 1:colcon.colcon_core.package_identification:_identify(.) by extension 'ignore'
[0.096s] Level 1:colcon.colcon_core.package_identification:_identify(.) by extension 'ignore_ament_install'
[0.096s] Level 1:colcon.colcon_core.package_identification:_identify(.) by extensions ['colcon_pkg']
[0.096s] Level 1:colcon.colcon_core.package_identification:_identify(.) by extension 'colcon_pkg'
[0.096s] Level 1:colcon.colcon_core.package_identification:_identify(.) by extensions ['colcon_meta']
[0.096s] Level 1:colcon.colcon_core.package_identification:_identify(.) by extension 'colcon_meta'
[0.096s] Level 1:colcon.colcon_core.package_identification:_identify(.) by extensions ['ros']
[0.096s] Level 1:colcon.colcon_core.package_identification:_identify(.) by extension 'ros'
[0.116s] Level 1:colcon.colcon_core.package_identification:_identify(.) by extensions ['cmake', 'python']
[0.116s] Level 1:colcon.colcon_core.package_identification:_identify(.) by extension 'cmake'
[0.116s] Level 1:colcon.colcon_core.package_identification:_identify(.) by extension 'python'
[0.116s] Level 1:colcon.colcon_core.package_identification:_identify(.) by extensions ['python_setup_py']
[0.116s] Level 1:colcon.colcon_core.package_identification:_identify(.) by extension 'python_setup_py'
[0.116s] Level 1:colcon.colcon_core.package_identification:_identify(build) by extensions ['ignore', 'ignore_ament_install']
[0.116s] Level 1:colcon.colcon_core.package_identification:_identify(build) by extension 'ignore'
[0.116s] Level 1:colcon.colcon_core.package_identification:_identify(build) ignored
[0.116s] Level 1:colcon.colcon_core.package_identification:_identify(install) by extensions ['ignore', 'ignore_ament_install']
[0.116s] Level 1:colcon.colcon_core.package_identification:_identify(install) by extension 'ignore'
[0.117s] Level 1:colcon.colcon_core.package_identification:_identify(install) ignored
[0.117s] Level 1:colcon.colcon_core.package_identification:_identify(log) by extensions ['ignore', 'ignore_ament_install']
[0.117s] Level 1:colcon.colcon_core.package_identification:_identify(log) by extension 'ignore'
[0.117s] Level 1:colcon.colcon_core.package_identification:_identify(log) ignored
[0.117s] Level 1:colcon.colcon_core.package_identification:_identify(src) by extensions ['ignore', 'ignore_ament_install']
[0.117s] Level 1:colcon.colcon_core.package_identification:_identify(src) by extension 'ignore'
[0.117s] Level 1:colcon.colcon_core.package_identification:_identify(src) by extension 'ignore_ament_install'
[0.117s] Level 1:colcon.colcon_core.package_identification:_identify(src) by extensions ['colcon_pkg']
[0.117s] Level 1:colcon.colcon_core.package_identification:_identify(src) by extension 'colcon_pkg'
[0.117s] Level 1:colcon.colcon_core.package_identification:_identify(src) by extensions ['colcon_meta']
[0.117s] Level 1:colcon.colcon_core.package_identification:_identify(src) by extension 'colcon_meta'
[0.117s] Level 1:colcon.colcon_core.package_identification:_identify(src) by extensions ['ros']
[0.117s] Level 1:colcon.colcon_core.package_identification:_identify(src) by extension 'ros'
[0.117s] Level 1:colcon.colcon_core.package_identification:_identify(src) by extensions ['cmake', 'python']
[0.117s] Level 1:colcon.colcon_core.package_identification:_identify(src) by extension 'cmake'
[0.117s] Level 1:colcon.colcon_core.package_identification:_identify(src) by extension 'python'
[0.117s] Level 1:colcon.colcon_core.package_identification:_identify(src) by extensions ['python_setup_py']
[0.117s] Level 1:colcon.colcon_core.package_identification:_identify(src) by extension 'python_setup_py'
[0.117s] Level 1:colcon.colcon_core.package_identification:_identify(src/linorobot2) by extensions ['ignore', 'ignore_ament_install']
[0.117s] Level 1:colcon.colcon_core.package_identification:_identify(src/linorobot2) by extension 'ignore'
[0.117s] Level 1:colcon.colcon_core.package_identification:_identify(src/linorobot2) by extension 'ignore_ament_install'
[0.117s] Level 1:colcon.colcon_core.package_identification:_identify(src/linorobot2) by extensions ['colcon_pkg']
[0.117s] Level 1:colcon.colcon_core.package_identification:_identify(src/linorobot2) by extension 'colcon_pkg'
[0.117s] Level 1:colcon.colcon_core.package_identification:_identify(src/linorobot2) by extensions ['colcon_meta']
[0.117s] Level 1:colcon.colcon_core.package_identification:_identify(src/linorobot2) by extension 'colcon_meta'
[0.117s] Level 1:colcon.colcon_core.package_identification:_identify(src/linorobot2) by extensions ['ros']
[0.117s] Level 1:colcon.colcon_core.package_identification:_identify(src/linorobot2) by extension 'ros'
[0.117s] Level 1:colcon.colcon_core.package_identification:_identify(src/linorobot2) by extensions ['cmake', 'python']
[0.117s] Level 1:colcon.colcon_core.package_identification:_identify(src/linorobot2) by extension 'cmake'
[0.117s] Level 1:colcon.colcon_core.package_identification:_identify(src/linorobot2) by extension 'python'
[0.118s] Level 1:colcon.colcon_core.package_identification:_identify(src/linorobot2) by extensions ['python_setup_py']
[0.118s] Level 1:colcon.colcon_core.package_identification:_identify(src/linorobot2) by extension 'python_setup_py'
[0.118s] Level 1:colcon.colcon_core.package_identification:_identify(src/linorobot2/docker) by extensions ['ignore', 'ignore_ament_install']
[0.118s] Level 1:colcon.colcon_core.package_identification:_identify(src/linorobot2/docker) by extension 'ignore'
[0.118s] Level 1:colcon.colcon_core.package_identification:_identify(src/linorobot2/docker) by extension 'ignore_ament_install'
[0.118s] Level 1:colcon.colcon_core.package_identification:_identify(src/linorobot2/docker) by extensions ['colcon_pkg']
[0.118s] Level 1:colcon.colcon_core.package_identification:_identify(src/linorobot2/docker) by extension 'colcon_pkg'
[0.118s] Level 1:colcon.colcon_core.package_identification:_identify(src/linorobot2/docker) by extensions ['colcon_meta']
[0.118s] Level 1:colcon.colcon_core.package_identification:_identify(src/linorobot2/docker) by extension 'colcon_meta'
[0.118s] Level 1:colcon.colcon_core.package_identification:_identify(src/linorobot2/docker) by extensions ['ros']
[0.118s] Level 1:colcon.colcon_core.package_identification:_identify(src/linorobot2/docker) by extension 'ros'
[0.118s] Level 1:colcon.colcon_core.package_identification:_identify(src/linorobot2/docker) by extensions ['cmake', 'python']
[0.118s] Level 1:colcon.colcon_core.package_identification:_identify(src/linorobot2/docker) by extension 'cmake'
[0.118s] Level 1:colcon.colcon_core.package_identification:_identify(src/linorobot2/docker) by extension 'python'
[0.118s] Level 1:colcon.colcon_core.package_identification:_identify(src/linorobot2/docker) by extensions ['python_setup_py']
[0.118s] Level 1:colcon.colcon_core.package_identification:_identify(src/linorobot2/docker) by extension 'python_setup_py'
[0.118s] Level 1:colcon.colcon_core.package_identification:_identify(src/linorobot2/docker/profiles) by extensions ['ignore', 'ignore_ament_install']
[0.118s] Level 1:colcon.colcon_core.package_identification:_identify(src/linorobot2/docker/profiles) by extension 'ignore'
[0.118s] Level 1:colcon.colcon_core.package_identification:_identify(src/linorobot2/docker/profiles) by extension 'ignore_ament_install'
[0.118s] Level 1:colcon.colcon_core.package_identification:_identify(src/linorobot2/docker/profiles) by extensions ['colcon_pkg']
[0.118s] Level 1:colcon.colcon_core.package_identification:_identify(src/linorobot2/docker/profiles) by extension 'colcon_pkg'
[0.118s] Level 1:colcon.colcon_core.package_identification:_identify(src/linorobot2/docker/profiles) by extensions ['colcon_meta']
[0.118s] Level 1:colcon.colcon_core.package_identification:_identify(src/linorobot2/docker/profiles) by extension 'colcon_meta'
[0.118s] Level 1:colcon.colcon_core.package_identification:_identify(src/linorobot2/docker/profiles) by extensions ['ros']
[0.118s] Level 1:colcon.colcon_core.package_identification:_identify(src/linorobot2/docker/profiles) by extension 'ros'
[0.118s] Level 1:colcon.colcon_core.package_identification:_identify(src/linorobot2/docker/profiles) by extensions ['cmake', 'python']
[0.118s] Level 1:colcon.colcon_core.package_identification:_identify(src/linorobot2/docker/profiles) by extension 'cmake'
[0.118s] Level 1:colcon.colcon_core.package_identification:_identify(src/linorobot2/docker/profiles) by extension 'python'
[0.118s] Level 1:colcon.colcon_core.package_identification:_identify(src/linorobot2/docker/profiles) by extensions ['python_setup_py']
[0.118s] Level 1:colcon.colcon_core.package_identification:_identify(src/linorobot2/docker/profiles) by extension 'python_setup_py'
[0.118s] Level 1:colcon.colcon_core.package_identification:_identify(src/linorobot2/docs) by extensions ['ignore', 'ignore_ament_install']
[0.118s] Level 1:colcon.colcon_core.package_identification:_identify(src/linorobot2/docs) by extension 'ignore'
[0.119s] Level 1:colcon.colcon_core.package_identification:_identify(src/linorobot2/docs) by extension 'ignore_ament_install'
[0.119s] Level 1:colcon.colcon_core.package_identification:_identify(src/linorobot2/docs) by extensions ['colcon_pkg']
[0.119s] Level 1:colcon.colcon_core.package_identification:_identify(src/linorobot2/docs) by extension 'colcon_pkg'
[0.119s] Level 1:colcon.colcon_core.package_identification:_identify(src/linorobot2/docs) by extensions ['colcon_meta']
[0.119s] Level 1:colcon.colcon_core.package_identification:_identify(src/linorobot2/docs) by extension 'colcon_meta'
[0.119s] Level 1:colcon.colcon_core.package_identification:_identify(src/linorobot2/docs) by extensions ['ros']
[0.119s] Level 1:colcon.colcon_core.package_identification:_identify(src/linorobot2/docs) by extension 'ros'
[0.119s] Level 1:colcon.colcon_core.package_identification:_identify(src/linorobot2/docs) by extensions ['cmake', 'python']
[0.119s] Level 1:colcon.colcon_core.package_identification:_identify(src/linorobot2/docs) by extension 'cmake'
[0.119s] Level 1:colcon.colcon_core.package_identification:_identify(src/linorobot2/docs) by extension 'python'
[0.119s] Level 1:colcon.colcon_core.package_identification:_identify(src/linorobot2/docs) by extensions ['python_setup_py']
[0.119s] Level 1:colcon.colcon_core.package_identification:_identify(src/linorobot2/docs) by extension 'python_setup_py'
[0.119s] Level 1:colcon.colcon_core.package_identification:_identify(src/linorobot2/docs/assets) by extensions ['ignore', 'ignore_ament_install']
[0.119s] Level 1:colcon.colcon_core.package_identification:_identify(src/linorobot2/docs/assets) by extension 'ignore'
[0.119s] Level 1:colcon.colcon_core.package_identification:_identify(src/linorobot2/docs/assets) by extension 'ignore_ament_install'
[0.119s] Level 1:colcon.colcon_core.package_identification:_identify(src/linorobot2/docs/assets) by extensions ['colcon_pkg']
[0.119s] Level 1:colcon.colcon_core.package_identification:_identify(src/linorobot2/docs/assets) by extension 'colcon_pkg'
[0.119s] Level 1:colcon.colcon_core.package_identification:_identify(src/linorobot2/docs/assets) by extensions ['colcon_meta']
[0.119s] Level 1:colcon.colcon_core.package_identification:_identify(src/linorobot2/docs/assets) by extension 'colcon_meta'
[0.119s] Level 1:colcon.colcon_core.package_identification:_identify(src/linorobot2/docs/assets) by extensions ['ros']
[0.119s] Level 1:colcon.colcon_core.package_identification:_identify(src/linorobot2/docs/assets) by extension 'ros'
[0.119s] Level 1:colcon.colcon_core.package_identification:_identify(src/linorobot2/docs/assets) by extensions ['cmake', 'python']
[0.119s] Level 1:colcon.colcon_core.package_identification:_identify(src/linorobot2/docs/assets) by extension 'cmake'
[0.119s] Level 1:colcon.colcon_core.package_identification:_identify(src/linorobot2/docs/assets) by extension 'python'
[0.119s] Level 1:colcon.colcon_core.package_identification:_identify(src/linorobot2/docs/assets) by extensions ['python_setup_py']
[0.119s] Level 1:colcon.colcon_core.package_identification:_identify(src/linorobot2/docs/assets) by extension 'python_setup_py'
[0.119s] Level 1:colcon.colcon_core.package_identification:_identify(src/linorobot2/linorobot2) by extensions ['ignore', 'ignore_ament_install']
[0.119s] Level 1:colcon.colcon_core.package_identification:_identify(src/linorobot2/linorobot2) by extension 'ignore'
[0.119s] Level 1:colcon.colcon_core.package_identification:_identify(src/linorobot2/linorobot2) by extension 'ignore_ament_install'
[0.119s] Level 1:colcon.colcon_core.package_identification:_identify(src/linorobot2/linorobot2) by extensions ['colcon_pkg']
[0.119s] Level 1:colcon.colcon_core.package_identification:_identify(src/linorobot2/linorobot2) by extension 'colcon_pkg'
[0.119s] Level 1:colcon.colcon_core.package_identification:_identify(src/linorobot2/linorobot2) by extensions ['colcon_meta']
[0.119s] Level 1:colcon.colcon_core.package_identification:_identify(src/linorobot2/linorobot2) by extension 'colcon_meta'
[0.119s] Level 1:colcon.colcon_core.package_identification:_identify(src/linorobot2/linorobot2) by extensions ['ros']
[0.120s] Level 1:colcon.colcon_core.package_identification:_identify(src/linorobot2/linorobot2) by extension 'ros'
[0.121s] DEBUG:colcon.colcon_core.package_identification:Package 'src/linorobot2/linorobot2' with type 'ros.ament_cmake' and name 'linorobot2'
[0.121s] Level 1:colcon.colcon_core.package_identification:_identify(src/linorobot2/linorobot2_base) by extensions ['ignore', 'ignore_ament_install']
[0.121s] Level 1:colcon.colcon_core.package_identification:_identify(src/linorobot2/linorobot2_base) by extension 'ignore'
[0.121s] Level 1:colcon.colcon_core.package_identification:_identify(src/linorobot2/linorobot2_base) by extension 'ignore_ament_install'
[0.121s] Level 1:colcon.colcon_core.package_identification:_identify(src/linorobot2/linorobot2_base) by extensions ['colcon_pkg']
[0.121s] Level 1:colcon.colcon_core.package_identification:_identify(src/linorobot2/linorobot2_base) by extension 'colcon_pkg'
[0.121s] Level 1:colcon.colcon_core.package_identification:_identify(src/linorobot2/linorobot2_base) by extensions ['colcon_meta']
[0.121s] Level 1:colcon.colcon_core.package_identification:_identify(src/linorobot2/linorobot2_base) by extension 'colcon_meta'
[0.121s] Level 1:colcon.colcon_core.package_identification:_identify(src/linorobot2/linorobot2_base) by extensions ['ros']
[0.122s] Level 1:colcon.colcon_core.package_identification:_identify(src/linorobot2/linorobot2_base) by extension 'ros'
[0.122s] DEBUG:colcon.colcon_core.package_identification:Package 'src/linorobot2/linorobot2_base' with type 'ros.ament_cmake' and name 'linorobot2_base'
[0.122s] Level 1:colcon.colcon_core.package_identification:_identify(src/linorobot2/linorobot2_bringup) by extensions ['ignore', 'ignore_ament_install']
[0.122s] Level 1:colcon.colcon_core.package_identification:_identify(src/linorobot2/linorobot2_bringup) by extension 'ignore'
[0.122s] Level 1:colcon.colcon_core.package_identification:_identify(src/linorobot2/linorobot2_bringup) by extension 'ignore_ament_install'
[0.122s] Level 1:colcon.colcon_core.package_identification:_identify(src/linorobot2/linorobot2_bringup) by extensions ['colcon_pkg']
[0.122s] Level 1:colcon.colcon_core.package_identification:_identify(src/linorobot2/linorobot2_bringup) by extension 'colcon_pkg'
[0.122s] Level 1:colcon.colcon_core.package_identification:_identify(src/linorobot2/linorobot2_bringup) by extensions ['colcon_meta']
[0.122s] Level 1:colcon.colcon_core.package_identification:_identify(src/linorobot2/linorobot2_bringup) by extension 'colcon_meta'
[0.122s] Level 1:colcon.colcon_core.package_identification:_identify(src/linorobot2/linorobot2_bringup) by extensions ['ros']
[0.122s] Level 1:colcon.colcon_core.package_identification:_identify(src/linorobot2/linorobot2_bringup) by extension 'ros'
[0.122s] DEBUG:colcon.colcon_core.package_identification:Package 'src/linorobot2/linorobot2_bringup' with type 'ros.ament_cmake' and name 'linorobot2_bringup'
[0.122s] Level 1:colcon.colcon_core.package_identification:_identify(src/linorobot2/linorobot2_description) by extensions ['ignore', 'ignore_ament_install']
[0.123s] Level 1:colcon.colcon_core.package_identification:_identify(src/linorobot2/linorobot2_description) by extension 'ignore'
[0.123s] Level 1:colcon.colcon_core.package_identification:_identify(src/linorobot2/linorobot2_description) by extension 'ignore_ament_install'
[0.123s] Level 1:colcon.colcon_core.package_identification:_identify(src/linorobot2/linorobot2_description) by extensions ['colcon_pkg']
[0.123s] Level 1:colcon.colcon_core.package_identification:_identify(src/linorobot2/linorobot2_description) by extension 'colcon_pkg'
[0.123s] Level 1:colcon.colcon_core.package_identification:_identify(src/linorobot2/linorobot2_description) by extensions ['colcon_meta']
[0.123s] Level 1:colcon.colcon_core.package_identification:_identify(src/linorobot2/linorobot2_description) by extension 'colcon_meta'
[0.123s] Level 1:colcon.colcon_core.package_identification:_identify(src/linorobot2/linorobot2_description) by extensions ['ros']
[0.123s] Level 1:colcon.colcon_core.package_identification:_identify(src/linorobot2/linorobot2_description) by extension 'ros'
[0.123s] DEBUG:colcon.colcon_core.package_identification:Package 'src/linorobot2/linorobot2_description' with type 'ros.ament_cmake' and name 'linorobot2_description'
[0.123s] Level 1:colcon.colcon_core.package_identification:_identify(src/linorobot2/linorobot2_gazebo) by extensions ['ignore', 'ignore_ament_install']
[0.123s] Level 1:colcon.colcon_core.package_identification:_identify(src/linorobot2/linorobot2_gazebo) by extension 'ignore'
[0.123s] Level 1:colcon.colcon_core.package_identification:_identify(src/linorobot2/linorobot2_gazebo) by extension 'ignore_ament_install'
[0.123s] Level 1:colcon.colcon_core.package_identification:_identify(src/linorobot2/linorobot2_gazebo) by extensions ['colcon_pkg']
[0.123s] Level 1:colcon.colcon_core.package_identification:_identify(src/linorobot2/linorobot2_gazebo) by extension 'colcon_pkg'
[0.124s] INFO:colcon.colcon_metadata.metadata.colcon_pkg:Setting name 'linorobot2_gazebo' of package 'src/linorobot2/linorobot2_gazebo' from colcon.pkg
[0.124s] DEBUG:colcon.colcon_core.package_identification:Package 'src/linorobot2/linorobot2_gazebo' with type 'None' and name 'linorobot2_gazebo'
[0.124s] Level 1:colcon.colcon_core.package_identification:_identify(src/linorobot2/linorobot2_gazebo) by extensions ['colcon_meta']
[0.124s] Level 1:colcon.colcon_core.package_identification:_identify(src/linorobot2/linorobot2_gazebo) by extension 'colcon_meta'
[0.124s] Level 1:colcon.colcon_core.package_identification:_identify(src/linorobot2/linorobot2_gazebo) by extensions ['ros']
[0.124s] Level 1:colcon.colcon_core.package_identification:_identify(src/linorobot2/linorobot2_gazebo) by extension 'ros'
[0.124s] DEBUG:colcon.colcon_core.package_identification:Package 'src/linorobot2/linorobot2_gazebo' with type 'ros.ament_python' and name 'linorobot2_gazebo'
[0.124s] Level 1:colcon.colcon_core.package_identification:_identify(src/linorobot2/linorobot2_navigation) by extensions ['ignore', 'ignore_ament_install']
[0.124s] Level 1:colcon.colcon_core.package_identification:_identify(src/linorobot2/linorobot2_navigation) by extension 'ignore'
[0.124s] Level 1:colcon.colcon_core.package_identification:_identify(src/linorobot2/linorobot2_navigation) by extension 'ignore_ament_install'
[0.124s] Level 1:colcon.colcon_core.package_identification:_identify(src/linorobot2/linorobot2_navigation) by extensions ['colcon_pkg']
[0.124s] Level 1:colcon.colcon_core.package_identification:_identify(src/linorobot2/linorobot2_navigation) by extension 'colcon_pkg'
[0.124s] Level 1:colcon.colcon_core.package_identification:_identify(src/linorobot2/linorobot2_navigation) by extensions ['colcon_meta']
[0.124s] Level 1:colcon.colcon_core.package_identification:_identify(src/linorobot2/linorobot2_navigation) by extension 'colcon_meta'
[0.124s] Level 1:colcon.colcon_core.package_identification:_identify(src/linorobot2/linorobot2_navigation) by extensions ['ros']
[0.124s] Level 1:colcon.colcon_core.package_identification:_identify(src/linorobot2/linorobot2_navigation) by extension 'ros'
[0.125s] DEBUG:colcon.colcon_core.package_identification:Package 'src/linorobot2/linorobot2_navigation' with type 'ros.ament_cmake' and name 'linorobot2_navigation'
[0.125s] Level 1:colcon.colcon_core.package_identification:_identify(src/micro-ROS-Agent) by extensions ['ignore', 'ignore_ament_install']
[0.125s] Level 1:colcon.colcon_core.package_identification:_identify(src/micro-ROS-Agent) by extension 'ignore'
[0.125s] Level 1:colcon.colcon_core.package_identification:_identify(src/micro-ROS-Agent) by extension 'ignore_ament_install'
[0.125s] Level 1:colcon.colcon_core.package_identification:_identify(src/micro-ROS-Agent) by extensions ['colcon_pkg']
[0.125s] Level 1:colcon.colcon_core.package_identification:_identify(src/micro-ROS-Agent) by extension 'colcon_pkg'
[0.125s] Level 1:colcon.colcon_core.package_identification:_identify(src/micro-ROS-Agent) by extensions ['colcon_meta']
[0.125s] Level 1:colcon.colcon_core.package_identification:_identify(src/micro-ROS-Agent) by extension 'colcon_meta'
[0.125s] Level 1:colcon.colcon_core.package_identification:_identify(src/micro-ROS-Agent) by extensions ['ros']
[0.125s] Level 1:colcon.colcon_core.package_identification:_identify(src/micro-ROS-Agent) by extension 'ros'
[0.125s] Level 1:colcon.colcon_core.package_identification:_identify(src/micro-ROS-Agent) by extensions ['cmake', 'python']
[0.125s] Level 1:colcon.colcon_core.package_identification:_identify(src/micro-ROS-Agent) by extension 'cmake'
[0.125s] Level 1:colcon.colcon_core.package_identification:_identify(src/micro-ROS-Agent) by extension 'python'
[0.125s] Level 1:colcon.colcon_core.package_identification:_identify(src/micro-ROS-Agent) by extensions ['python_setup_py']
[0.125s] Level 1:colcon.colcon_core.package_identification:_identify(src/micro-ROS-Agent) by extension 'python_setup_py'
[0.125s] Level 1:colcon.colcon_core.package_identification:_identify(src/micro-ROS-Agent/micro_ros_agent) by extensions ['ignore', 'ignore_ament_install']
[0.125s] Level 1:colcon.colcon_core.package_identification:_identify(src/micro-ROS-Agent/micro_ros_agent) by extension 'ignore'
[0.125s] Level 1:colcon.colcon_core.package_identification:_identify(src/micro-ROS-Agent/micro_ros_agent) by extension 'ignore_ament_install'
[0.125s] Level 1:colcon.colcon_core.package_identification:_identify(src/micro-ROS-Agent/micro_ros_agent) by extensions ['colcon_pkg']
[0.125s] Level 1:colcon.colcon_core.package_identification:_identify(src/micro-ROS-Agent/micro_ros_agent) by extension 'colcon_pkg'
[0.125s] Level 1:colcon.colcon_core.package_identification:_identify(src/micro-ROS-Agent/micro_ros_agent) by extensions ['colcon_meta']
[0.125s] Level 1:colcon.colcon_core.package_identification:_identify(src/micro-ROS-Agent/micro_ros_agent) by extension 'colcon_meta'
[0.125s] Level 1:colcon.colcon_core.package_identification:_identify(src/micro-ROS-Agent/micro_ros_agent) by extensions ['ros']
[0.125s] Level 1:colcon.colcon_core.package_identification:_identify(src/micro-ROS-Agent/micro_ros_agent) by extension 'ros'
[0.126s] DEBUG:colcon.colcon_core.package_identification:Package 'src/micro-ROS-Agent/micro_ros_agent' with type 'ros.ament_cmake' and name 'micro_ros_agent'
[0.126s] Level 1:colcon.colcon_core.package_identification:_identify(src/micro-ROS-Agent/snap) by extensions ['ignore', 'ignore_ament_install']
[0.126s] Level 1:colcon.colcon_core.package_identification:_identify(src/micro-ROS-Agent/snap) by extension 'ignore'
[0.126s] Level 1:colcon.colcon_core.package_identification:_identify(src/micro-ROS-Agent/snap) by extension 'ignore_ament_install'
[0.126s] Level 1:colcon.colcon_core.package_identification:_identify(src/micro-ROS-Agent/snap) by extensions ['colcon_pkg']
[0.126s] Level 1:colcon.colcon_core.package_identification:_identify(src/micro-ROS-Agent/snap) by extension 'colcon_pkg'
[0.126s] Level 1:colcon.colcon_core.package_identification:_identify(src/micro-ROS-Agent/snap) by extensions ['colcon_meta']
[0.126s] Level 1:colcon.colcon_core.package_identification:_identify(src/micro-ROS-Agent/snap) by extension 'colcon_meta'
[0.126s] Level 1:colcon.colcon_core.package_identification:_identify(src/micro-ROS-Agent/snap) by extensions ['ros']
[0.126s] Level 1:colcon.colcon_core.package_identification:_identify(src/micro-ROS-Agent/snap) by extension 'ros'
[0.126s] Level 1:colcon.colcon_core.package_identification:_identify(src/micro-ROS-Agent/snap) by extensions ['cmake', 'python']
[0.126s] Level 1:colcon.colcon_core.package_identification:_identify(src/micro-ROS-Agent/snap) by extension 'cmake'
[0.126s] Level 1:colcon.colcon_core.package_identification:_identify(src/micro-ROS-Agent/snap) by extension 'python'
[0.126s] Level 1:colcon.colcon_core.package_identification:_identify(src/micro-ROS-Agent/snap) by extensions ['python_setup_py']
[0.126s] Level 1:colcon.colcon_core.package_identification:_identify(src/micro-ROS-Agent/snap) by extension 'python_setup_py'
[0.126s] Level 1:colcon.colcon_core.package_identification:_identify(src/micro-ROS-Agent/snap/hooks) by extensions ['ignore', 'ignore_ament_install']
[0.126s] Level 1:colcon.colcon_core.package_identification:_identify(src/micro-ROS-Agent/snap/hooks) by extension 'ignore'
[0.126s] Level 1:colcon.colcon_core.package_identification:_identify(src/micro-ROS-Agent/snap/hooks) by extension 'ignore_ament_install'
[0.126s] Level 1:colcon.colcon_core.package_identification:_identify(src/micro-ROS-Agent/snap/hooks) by extensions ['colcon_pkg']
[0.126s] Level 1:colcon.colcon_core.package_identification:_identify(src/micro-ROS-Agent/snap/hooks) by extension 'colcon_pkg'
[0.126s] Level 1:colcon.colcon_core.package_identification:_identify(src/micro-ROS-Agent/snap/hooks) by extensions ['colcon_meta']
[0.126s] Level 1:colcon.colcon_core.package_identification:_identify(src/micro-ROS-Agent/snap/hooks) by extension 'colcon_meta'
[0.126s] Level 1:colcon.colcon_core.package_identification:_identify(src/micro-ROS-Agent/snap/hooks) by extensions ['ros']
[0.126s] Level 1:colcon.colcon_core.package_identification:_identify(src/micro-ROS-Agent/snap/hooks) by extension 'ros'
[0.126s] Level 1:colcon.colcon_core.package_identification:_identify(src/micro-ROS-Agent/snap/hooks) by extensions ['cmake', 'python']
[0.126s] Level 1:colcon.colcon_core.package_identification:_identify(src/micro-ROS-Agent/snap/hooks) by extension 'cmake'
[0.126s] Level 1:colcon.colcon_core.package_identification:_identify(src/micro-ROS-Agent/snap/hooks) by extension 'python'
[0.127s] Level 1:colcon.colcon_core.package_identification:_identify(src/micro-ROS-Agent/snap/hooks) by extensions ['python_setup_py']
[0.127s] Level 1:colcon.colcon_core.package_identification:_identify(src/micro-ROS-Agent/snap/hooks) by extension 'python_setup_py'
[0.127s] Level 1:colcon.colcon_core.package_identification:_identify(src/micro-ROS-Agent/snap/local) by extensions ['ignore', 'ignore_ament_install']
[0.127s] Level 1:colcon.colcon_core.package_identification:_identify(src/micro-ROS-Agent/snap/local) by extension 'ignore'
[0.127s] Level 1:colcon.colcon_core.package_identification:_identify(src/micro-ROS-Agent/snap/local) by extension 'ignore_ament_install'
[0.127s] Level 1:colcon.colcon_core.package_identification:_identify(src/micro-ROS-Agent/snap/local) by extensions ['colcon_pkg']
[0.127s] Level 1:colcon.colcon_core.package_identification:_identify(src/micro-ROS-Agent/snap/local) by extension 'colcon_pkg'
[0.127s] Level 1:colcon.colcon_core.package_identification:_identify(src/micro-ROS-Agent/snap/local) by extensions ['colcon_meta']
[0.127s] Level 1:colcon.colcon_core.package_identification:_identify(src/micro-ROS-Agent/snap/local) by extension 'colcon_meta'
[0.127s] Level 1:colcon.colcon_core.package_identification:_identify(src/micro-ROS-Agent/snap/local) by extensions ['ros']
[0.127s] Level 1:colcon.colcon_core.package_identification:_identify(src/micro-ROS-Agent/snap/local) by extension 'ros'
[0.127s] Level 1:colcon.colcon_core.package_identification:_identify(src/micro-ROS-Agent/snap/local) by extensions ['cmake', 'python']
[0.127s] Level 1:colcon.colcon_core.package_identification:_identify(src/micro-ROS-Agent/snap/local) by extension 'cmake'
[0.127s] Level 1:colcon.colcon_core.package_identification:_identify(src/micro-ROS-Agent/snap/local) by extension 'python'
[0.127s] Level 1:colcon.colcon_core.package_identification:_identify(src/micro-ROS-Agent/snap/local) by extensions ['python_setup_py']
[0.127s] Level 1:colcon.colcon_core.package_identification:_identify(src/micro-ROS-Agent/snap/local) by extension 'python_setup_py'
[0.127s] Level 1:colcon.colcon_core.package_identification:_identify(src/micro_ros_msgs) by extensions ['ignore', 'ignore_ament_install']
[0.127s] Level 1:colcon.colcon_core.package_identification:_identify(src/micro_ros_msgs) by extension 'ignore'
[0.127s] Level 1:colcon.colcon_core.package_identification:_identify(src/micro_ros_msgs) by extension 'ignore_ament_install'
[0.127s] Level 1:colcon.colcon_core.package_identification:_identify(src/micro_ros_msgs) by extensions ['colcon_pkg']
[0.127s] Level 1:colcon.colcon_core.package_identification:_identify(src/micro_ros_msgs) by extension 'colcon_pkg'
[0.127s] Level 1:colcon.colcon_core.package_identification:_identify(src/micro_ros_msgs) by extensions ['colcon_meta']
[0.127s] Level 1:colcon.colcon_core.package_identification:_identify(src/micro_ros_msgs) by extension 'colcon_meta'
[0.127s] Level 1:colcon.colcon_core.package_identification:_identify(src/micro_ros_msgs) by extensions ['ros']
[0.127s] Level 1:colcon.colcon_core.package_identification:_identify(src/micro_ros_msgs) by extension 'ros'
[0.127s] DEBUG:colcon.colcon_core.package_identification:Package 'src/micro_ros_msgs' with type 'ros.ament_cmake' and name 'micro_ros_msgs'
[0.127s] Level 1:colcon.colcon_core.package_discovery:discover_packages(recursive) using defaults
[0.127s] Level 1:colcon.colcon_core.package_discovery:discover_packages(ignore) discover
[0.127s] Level 1:colcon.colcon_core.package_discovery:discover_packages(ignore) using defaults
[0.128s] Level 1:colcon.colcon_core.package_discovery:discover_packages(path) discover
[0.128s] Level 1:colcon.colcon_core.package_discovery:discover_packages(path) using defaults
[0.141s] INFO:colcon.colcon_metadata.metadata.colcon_pkg:Updating descriptor of package 'src/linorobot2/linorobot2_gazebo' from colcon.pkg: {'name': 'linorobot2_gazebo', 'hooks': ['share/linorobot2_gazebo/hook/linorobot2_gazebo.sh']}
[0.143s] Level 5:colcon.colcon_core.verb:set package 'linorobot2' build argument 'cmake_args' from command line to 'None'
[0.143s] Level 5:colcon.colcon_core.verb:set package 'linorobot2' build argument 'cmake_target' from command line to 'None'
[0.143s] Level 5:colcon.colcon_core.verb:set package 'linorobot2' build argument 'cmake_target_skip_unavailable' from command line to 'False'
[0.143s] Level 5:colcon.colcon_core.verb:set package 'linorobot2' build argument 'cmake_clean_cache' from command line to 'False'
[0.143s] Level 5:colcon.colcon_core.verb:set package 'linorobot2' build argument 'cmake_clean_first' from command line to 'False'
[0.143s] Level 5:colcon.colcon_core.verb:set package 'linorobot2' build argument 'cmake_force_configure' from command line to 'False'
[0.143s] Level 5:colcon.colcon_core.verb:set package 'linorobot2' build argument 'ament_cmake_args' from command line to 'None'
[0.143s] Level 5:colcon.colcon_core.verb:set package 'linorobot2' build argument 'catkin_cmake_args' from command line to 'None'
[0.143s] Level 5:colcon.colcon_core.verb:set package 'linorobot2' build argument 'catkin_skip_building_tests' from command line to 'False'
[0.143s] DEBUG:colcon.colcon_core.verb:Building package 'linorobot2' with the following arguments: {'ament_cmake_args': None, 'build_base': '/home/ws/build/linorobot2', 'catkin_cmake_args': None, 'catkin_skip_building_tests': False, 'cmake_args': None, 'cmake_clean_cache': False, 'cmake_clean_first': False, 'cmake_force_configure': False, 'cmake_target': None, 'cmake_target_skip_unavailable': False, 'install_base': '/home/ws/install/linorobot2', 'merge_install': False, 'path': '/home/ws/src/linorobot2/linorobot2', 'symlink_install': False, 'test_result_base': None}
[0.143s] Level 5:colcon.colcon_core.verb:set package 'linorobot2_base' build argument 'cmake_args' from command line to 'None'
[0.143s] Level 5:colcon.colcon_core.verb:set package 'linorobot2_base' build argument 'cmake_target' from command line to 'None'
[0.143s] Level 5:colcon.colcon_core.verb:set package 'linorobot2_base' build argument 'cmake_target_skip_unavailable' from command line to 'False'
[0.143s] Level 5:colcon.colcon_core.verb:set package 'linorobot2_base' build argument 'cmake_clean_cache' from command line to 'False'
[0.143s] Level 5:colcon.colcon_core.verb:set package 'linorobot2_base' build argument 'cmake_clean_first' from command line to 'False'
[0.143s] Level 5:colcon.colcon_core.verb:set package 'linorobot2_base' build argument 'cmake_force_configure' from command line to 'False'
[0.143s] Level 5:colcon.colcon_core.verb:set package 'linorobot2_base' build argument 'ament_cmake_args' from command line to 'None'
[0.143s] Level 5:colcon.colcon_core.verb:set package 'linorobot2_base' build argument 'catkin_cmake_args' from command line to 'None'
[0.143s] Level 5:colcon.colcon_core.verb:set package 'linorobot2_base' build argument 'catkin_skip_building_tests' from command line to 'False'
[0.143s] DEBUG:colcon.colcon_core.verb:Building package 'linorobot2_base' with the following arguments: {'ament_cmake_args': None, 'build_base': '/home/ws/build/linorobot2_base', 'catkin_cmake_args': None, 'catkin_skip_building_tests': False, 'cmake_args': None, 'cmake_clean_cache': False, 'cmake_clean_first': False, 'cmake_force_configure': False, 'cmake_target': None, 'cmake_target_skip_unavailable': False, 'install_base': '/home/ws/install/linorobot2_base', 'merge_install': False, 'path': '/home/ws/src/linorobot2/linorobot2_base', 'symlink_install': False, 'test_result_base': None}
[0.143s] Level 5:colcon.colcon_core.verb:set package 'linorobot2_description' build argument 'cmake_args' from command line to 'None'
[0.143s] Level 5:colcon.colcon_core.verb:set package 'linorobot2_description' build argument 'cmake_target' from command line to 'None'
[0.143s] Level 5:colcon.colcon_core.verb:set package 'linorobot2_description' build argument 'cmake_target_skip_unavailable' from command line to 'False'
[0.143s] Level 5:colcon.colcon_core.verb:set package 'linorobot2_description' build argument 'cmake_clean_cache' from command line to 'False'
[0.143s] Level 5:colcon.colcon_core.verb:set package 'linorobot2_description' build argument 'cmake_clean_first' from command line to 'False'
[0.143s] Level 5:colcon.colcon_core.verb:set package 'linorobot2_description' build argument 'cmake_force_configure' from command line to 'False'
[0.143s] Level 5:colcon.colcon_core.verb:set package 'linorobot2_description' build argument 'ament_cmake_args' from command line to 'None'
[0.143s] Level 5:colcon.colcon_core.verb:set package 'linorobot2_description' build argument 'catkin_cmake_args' from command line to 'None'
[0.143s] Level 5:colcon.colcon_core.verb:set package 'linorobot2_description' build argument 'catkin_skip_building_tests' from command line to 'False'
[0.143s] DEBUG:colcon.colcon_core.verb:Building package 'linorobot2_description' with the following arguments: {'ament_cmake_args': None, 'build_base': '/home/ws/build/linorobot2_description', 'catkin_cmake_args': None, 'catkin_skip_building_tests': False, 'cmake_args': None, 'cmake_clean_cache': False, 'cmake_clean_first': False, 'cmake_force_configure': False, 'cmake_target': None, 'cmake_target_skip_unavailable': False, 'install_base': '/home/ws/install/linorobot2_description', 'merge_install': False, 'path': '/home/ws/src/linorobot2/linorobot2_description', 'symlink_install': False, 'test_result_base': None}
[0.144s] Level 5:colcon.colcon_core.verb:set package 'linorobot2_gazebo' build argument 'cmake_args' from command line to 'None'
[0.144s] Level 5:colcon.colcon_core.verb:set package 'linorobot2_gazebo' build argument 'cmake_target' from command line to 'None'
[0.144s] Level 5:colcon.colcon_core.verb:set package 'linorobot2_gazebo' build argument 'cmake_target_skip_unavailable' from command line to 'False'
[0.144s] Level 5:colcon.colcon_core.verb:set package 'linorobot2_gazebo' build argument 'cmake_clean_cache' from command line to 'False'
[0.144s] Level 5:colcon.colcon_core.verb:set package 'linorobot2_gazebo' build argument 'cmake_clean_first' from command line to 'False'
[0.144s] Level 5:colcon.colcon_core.verb:set package 'linorobot2_gazebo' build argument 'cmake_force_configure' from command line to 'False'
[0.144s] Level 5:colcon.colcon_core.verb:set package 'linorobot2_gazebo' build argument 'ament_cmake_args' from command line to 'None'
[0.144s] Level 5:colcon.colcon_core.verb:set package 'linorobot2_gazebo' build argument 'catkin_cmake_args' from command line to 'None'
[0.144s] Level 5:colcon.colcon_core.verb:set package 'linorobot2_gazebo' build argument 'catkin_skip_building_tests' from command line to 'False'
[0.144s] DEBUG:colcon.colcon_core.verb:Building package 'linorobot2_gazebo' with the following arguments: {'ament_cmake_args': None, 'build_base': '/home/ws/build/linorobot2_gazebo', 'catkin_cmake_args': None, 'catkin_skip_building_tests': False, 'cmake_args': None, 'cmake_clean_cache': False, 'cmake_clean_first': False, 'cmake_force_configure': False, 'cmake_target': None, 'cmake_target_skip_unavailable': False, 'install_base': '/home/ws/install/linorobot2_gazebo', 'merge_install': False, 'path': '/home/ws/src/linorobot2/linorobot2_gazebo', 'symlink_install': False, 'test_result_base': None}
[0.144s] Level 5:colcon.colcon_core.verb:set package 'linorobot2_navigation' build argument 'cmake_args' from command line to 'None'
[0.144s] Level 5:colcon.colcon_core.verb:set package 'linorobot2_navigation' build argument 'cmake_target' from command line to 'None'
[0.144s] Level 5:colcon.colcon_core.verb:set package 'linorobot2_navigation' build argument 'cmake_target_skip_unavailable' from command line to 'False'
[0.144s] Level 5:colcon.colcon_core.verb:set package 'linorobot2_navigation' build argument 'cmake_clean_cache' from command line to 'False'
[0.144s] Level 5:colcon.colcon_core.verb:set package 'linorobot2_navigation' build argument 'cmake_clean_first' from command line to 'False'
[0.144s] Level 5:colcon.colcon_core.verb:set package 'linorobot2_navigation' build argument 'cmake_force_configure' from command line to 'False'
[0.144s] Level 5:colcon.colcon_core.verb:set package 'linorobot2_navigation' build argument 'ament_cmake_args' from command line to 'None'
[0.144s] Level 5:colcon.colcon_core.verb:set package 'linorobot2_navigation' build argument 'catkin_cmake_args' from command line to 'None'
[0.144s] Level 5:colcon.colcon_core.verb:set package 'linorobot2_navigation' build argument 'catkin_skip_building_tests' from command line to 'False'
[0.144s] DEBUG:colcon.colcon_core.verb:Building package 'linorobot2_navigation' with the following arguments: {'ament_cmake_args': None, 'build_base': '/home/ws/build/linorobot2_navigation', 'catkin_cmake_args': None, 'catkin_skip_building_tests': False, 'cmake_args': None, 'cmake_clean_cache': False, 'cmake_clean_first': False, 'cmake_force_configure': False, 'cmake_target': None, 'cmake_target_skip_unavailable': False, 'install_base': '/home/ws/install/linorobot2_navigation', 'merge_install': False, 'path': '/home/ws/src/linorobot2/linorobot2_navigation', 'symlink_install': False, 'test_result_base': None}
[0.144s] Level 5:colcon.colcon_core.verb:set package 'micro_ros_msgs' build argument 'cmake_args' from command line to 'None'
[0.144s] Level 5:colcon.colcon_core.verb:set package 'micro_ros_msgs' build argument 'cmake_target' from command line to 'None'
[0.144s] Level 5:colcon.colcon_core.verb:set package 'micro_ros_msgs' build argument 'cmake_target_skip_unavailable' from command line to 'False'
[0.144s] Level 5:colcon.colcon_core.verb:set package 'micro_ros_msgs' build argument 'cmake_clean_cache' from command line to 'False'
[0.144s] Level 5:colcon.colcon_core.verb:set package 'micro_ros_msgs' build argument 'cmake_clean_first' from command line to 'False'
[0.144s] Level 5:colcon.colcon_core.verb:set package 'micro_ros_msgs' build argument 'cmake_force_configure' from command line to 'False'
[0.144s] Level 5:colcon.colcon_core.verb:set package 'micro_ros_msgs' build argument 'ament_cmake_args' from command line to 'None'
[0.144s] Level 5:colcon.colcon_core.verb:set package 'micro_ros_msgs' build argument 'catkin_cmake_args' from command line to 'None'
[0.144s] Level 5:colcon.colcon_core.verb:set package 'micro_ros_msgs' build argument 'catkin_skip_building_tests' from command line to 'False'
[0.144s] DEBUG:colcon.colcon_core.verb:Building package 'micro_ros_msgs' with the following arguments: {'ament_cmake_args': None, 'build_base': '/home/ws/build/micro_ros_msgs', 'catkin_cmake_args': None, 'catkin_skip_building_tests': False, 'cmake_args': None, 'cmake_clean_cache': False, 'cmake_clean_first': False, 'cmake_force_configure': False, 'cmake_target': None, 'cmake_target_skip_unavailable': False, 'install_base': '/home/ws/install/micro_ros_msgs', 'merge_install': False, 'path': '/home/ws/src/micro_ros_msgs', 'symlink_install': False, 'test_result_base': None}
[0.144s] Level 5:colcon.colcon_core.verb:set package 'micro_ros_agent' build argument 'cmake_args' from command line to 'None'
[0.144s] Level 5:colcon.colcon_core.verb:set package 'micro_ros_agent' build argument 'cmake_target' from command line to 'None'
[0.144s] Level 5:colcon.colcon_core.verb:set package 'micro_ros_agent' build argument 'cmake_target_skip_unavailable' from command line to 'False'
[0.144s] Level 5:colcon.colcon_core.verb:set package 'micro_ros_agent' build argument 'cmake_clean_cache' from command line to 'False'
[0.144s] Level 5:colcon.colcon_core.verb:set package 'micro_ros_agent' build argument 'cmake_clean_first' from command line to 'False'
[0.144s] Level 5:colcon.colcon_core.verb:set package 'micro_ros_agent' build argument 'cmake_force_configure' from command line to 'False'
[0.144s] Level 5:colcon.colcon_core.verb:set package 'micro_ros_agent' build argument 'ament_cmake_args' from command line to 'None'
[0.145s] Level 5:colcon.colcon_core.verb:set package 'micro_ros_agent' build argument 'catkin_cmake_args' from command line to 'None'
[0.145s] Level 5:colcon.colcon_core.verb:set package 'micro_ros_agent' build argument 'catkin_skip_building_tests' from command line to 'False'
[0.145s] DEBUG:colcon.colcon_core.verb:Building package 'micro_ros_agent' with the following arguments: {'ament_cmake_args': None, 'build_base': '/home/ws/build/micro_ros_agent', 'catkin_cmake_args': None, 'catkin_skip_building_tests': False, 'cmake_args': None, 'cmake_clean_cache': False, 'cmake_clean_first': False, 'cmake_force_configure': False, 'cmake_target': None, 'cmake_target_skip_unavailable': False, 'install_base': '/home/ws/install/micro_ros_agent', 'merge_install': False, 'path': '/home/ws/src/micro-ROS-Agent/micro_ros_agent', 'symlink_install': False, 'test_result_base': None}
[0.145s] Level 5:colcon.colcon_core.verb:set package 'linorobot2_bringup' build argument 'cmake_args' from command line to 'None'
[0.145s] Level 5:colcon.colcon_core.verb:set package 'linorobot2_bringup' build argument 'cmake_target' from command line to 'None'
[0.145s] Level 5:colcon.colcon_core.verb:set package 'linorobot2_bringup' build argument 'cmake_target_skip_unavailable' from command line to 'False'
[0.145s] Level 5:colcon.colcon_core.verb:set package 'linorobot2_bringup' build argument 'cmake_clean_cache' from command line to 'False'
[0.145s] Level 5:colcon.colcon_core.verb:set package 'linorobot2_bringup' build argument 'cmake_clean_first' from command line to 'False'
[0.145s] Level 5:colcon.colcon_core.verb:set package 'linorobot2_bringup' build argument 'cmake_force_configure' from command line to 'False'
[0.145s] Level 5:colcon.colcon_core.verb:set package 'linorobot2_bringup' build argument 'ament_cmake_args' from command line to 'None'
[0.145s] Level 5:colcon.colcon_core.verb:set package 'linorobot2_bringup' build argument 'catkin_cmake_args' from command line to 'None'
[0.145s] Level 5:colcon.colcon_core.verb:set package 'linorobot2_bringup' build argument 'catkin_skip_building_tests' from command line to 'False'
[0.145s] DEBUG:colcon.colcon_core.verb:Building package 'linorobot2_bringup' with the following arguments: {'ament_cmake_args': None, 'build_base': '/home/ws/build/linorobot2_bringup', 'catkin_cmake_args': None, 'catkin_skip_building_tests': False, 'cmake_args': None, 'cmake_clean_cache': False, 'cmake_clean_first': False, 'cmake_force_configure': False, 'cmake_target': None, 'cmake_target_skip_unavailable': False, 'install_base': '/home/ws/install/linorobot2_bringup', 'merge_install': False, 'path': '/home/ws/src/linorobot2/linorobot2_bringup', 'symlink_install': False, 'test_result_base': None}
[0.145s] INFO:colcon.colcon_core.executor:Executing jobs using 'parallel' executor
[0.146s] DEBUG:colcon.colcon_parallel_executor.executor.parallel:run_until_complete
[0.146s] INFO:colcon.colcon_ros.task.ament_cmake.build:Building ROS package in '/home/ws/src/micro_ros_msgs' with build type 'ament_cmake'
[0.146s] INFO:colcon.colcon_cmake.task.cmake.build:Building CMake package in '/home/ws/src/micro_ros_msgs'
[0.147s] INFO:colcon.colcon_core.plugin_system:Skipping extension 'colcon_core.shell.bat': Not used on non-Windows systems
[0.147s] INFO:colcon.colcon_core.shell:Skip shell extension 'powershell' for command environment: Not usable outside of PowerShell
[0.147s] DEBUG:colcon.colcon_core.shell:Skip shell extension 'dsv' for command environment
[0.151s] INFO:colcon.colcon_ros.task.ament_cmake.build:Building ROS package in '/home/ws/src/linorobot2/linorobot2' with build type 'ament_cmake'
[0.151s] INFO:colcon.colcon_cmake.task.cmake.build:Building CMake package in '/home/ws/src/linorobot2/linorobot2'
[0.151s] INFO:colcon.colcon_core.shell:Skip shell extension 'powershell' for command environment: Not usable outside of PowerShell
[0.151s] DEBUG:colcon.colcon_core.shell:Skip shell extension 'dsv' for command environment
[0.153s] INFO:colcon.colcon_ros.task.ament_cmake.build:Building ROS package in '/home/ws/src/linorobot2/linorobot2_base' with build type 'ament_cmake'
[0.153s] INFO:colcon.colcon_cmake.task.cmake.build:Building CMake package in '/home/ws/src/linorobot2/linorobot2_base'
[0.153s] INFO:colcon.colcon_core.shell:Skip shell extension 'powershell' for command environment: Not usable outside of PowerShell
[0.153s] DEBUG:colcon.colcon_core.shell:Skip shell extension 'dsv' for command environment
[0.157s] INFO:colcon.colcon_ros.task.ament_cmake.build:Building ROS package in '/home/ws/src/linorobot2/linorobot2_description' with build type 'ament_cmake'
[0.157s] INFO:colcon.colcon_cmake.task.cmake.build:Building CMake package in '/home/ws/src/linorobot2/linorobot2_description'
[0.157s] INFO:colcon.colcon_core.shell:Skip shell extension 'powershell' for command environment: Not usable outside of PowerShell
[0.157s] DEBUG:colcon.colcon_core.shell:Skip shell extension 'dsv' for command environment
[0.161s] INFO:colcon.colcon_ros.task.ament_python.build:Building ROS package in '/home/ws/src/linorobot2/linorobot2_gazebo' with build type 'ament_python'
[0.161s] Level 1:colcon.colcon_core.shell:create_environment_hook('linorobot2_gazebo', 'ament_prefix_path')
[0.161s] INFO:colcon.colcon_core.shell:Creating environment hook '/home/ws/install/linorobot2_gazebo/share/linorobot2_gazebo/hook/ament_prefix_path.ps1'
[0.162s] INFO:colcon.colcon_core.shell:Creating environment descriptor '/home/ws/install/linorobot2_gazebo/share/linorobot2_gazebo/hook/ament_prefix_path.dsv'
[0.162s] INFO:colcon.colcon_core.shell:Creating environment hook '/home/ws/install/linorobot2_gazebo/share/linorobot2_gazebo/hook/ament_prefix_path.sh'
[0.163s] INFO:colcon.colcon_core.shell:Skip shell extension 'powershell' for command environment: Not usable outside of PowerShell
[0.163s] DEBUG:colcon.colcon_core.shell:Skip shell extension 'dsv' for command environment
[0.166s] INFO:colcon.colcon_ros.task.ament_cmake.build:Building ROS package in '/home/ws/src/linorobot2/linorobot2_navigation' with build type 'ament_cmake'
[0.166s] INFO:colcon.colcon_cmake.task.cmake.build:Building CMake package in '/home/ws/src/linorobot2/linorobot2_navigation'
[0.166s] INFO:colcon.colcon_core.shell:Skip shell extension 'powershell' for command environment: Not usable outside of PowerShell
[0.166s] DEBUG:colcon.colcon_core.shell:Skip shell extension 'dsv' for command environment
[0.176s] DEBUG:colcon.colcon_core.event_handler.log_command:Invoking command in '/home/ws/build/micro_ros_msgs': CMAKE_PREFIX_PATH=${CMAKE_PREFIX_PATH}:/opt/ros/jazzy /usr/bin/cmake --build /home/ws/build/micro_ros_msgs -- -j16 -l16
[0.178s] DEBUG:colcon.colcon_core.event_handler.log_command:Invoking command in '/home/ws/build/linorobot2': CMAKE_PREFIX_PATH=${CMAKE_PREFIX_PATH}:/opt/ros/jazzy /usr/bin/cmake --build /home/ws/build/linorobot2 -- -j16 -l16
[0.179s] DEBUG:colcon.colcon_core.event_handler.log_command:Invoking command in '/home/ws/build/linorobot2_base': CMAKE_PREFIX_PATH=${CMAKE_PREFIX_PATH}:/opt/ros/jazzy /usr/bin/cmake --build /home/ws/build/linorobot2_base -- -j16 -l16
[0.180s] DEBUG:colcon.colcon_core.event_handler.log_command:Invoking command in '/home/ws/build/linorobot2_description': CMAKE_PREFIX_PATH=${CMAKE_PREFIX_PATH}:/opt/ros/jazzy /usr/bin/cmake --build /home/ws/build/linorobot2_description -- -j16 -l16
[0.356s] INFO:colcon.colcon_core.task.python.build:Building Python package in '/home/ws/src/linorobot2/linorobot2_gazebo'
[0.356s] INFO:colcon.colcon_core.shell:Skip shell extension 'powershell' for command environment: Not usable outside of PowerShell
[0.356s] DEBUG:colcon.colcon_core.shell:Skip shell extension 'dsv' for command environment
[0.367s] DEBUG:colcon.colcon_core.event_handler.log_command:Invoking command in '/home/ws/build/linorobot2_navigation': CMAKE_PREFIX_PATH=${CMAKE_PREFIX_PATH}:/opt/ros/jazzy /usr/bin/cmake --build /home/ws/build/linorobot2_navigation -- -j16 -l16
[0.367s] DEBUG:colcon.colcon_core.event_handler.log_command:Invoked command in '/home/ws/build/linorobot2' returned '0': CMAKE_PREFIX_PATH=${CMAKE_PREFIX_PATH}:/opt/ros/jazzy /usr/bin/cmake --build /home/ws/build/linorobot2 -- -j16 -l16
[0.375s] DEBUG:colcon.colcon_core.event_handler.log_command:Invoking command in '/home/ws/build/linorobot2': CMAKE_PREFIX_PATH=${CMAKE_PREFIX_PATH}:/opt/ros/jazzy /usr/bin/cmake --install /home/ws/build/linorobot2
[0.376s] DEBUG:colcon.colcon_core.event_handler.log_command:Invoked command in '/home/ws/build/linorobot2_base' returned '0': CMAKE_PREFIX_PATH=${CMAKE_PREFIX_PATH}:/opt/ros/jazzy /usr/bin/cmake --build /home/ws/build/linorobot2_base -- -j16 -l16
[0.377s] DEBUG:colcon.colcon_core.event_handler.log_command:Invoking command in '/home/ws/build/linorobot2_base': CMAKE_PREFIX_PATH=${CMAKE_PREFIX_PATH}:/opt/ros/jazzy /usr/bin/cmake --install /home/ws/build/linorobot2_base
[0.378s] DEBUG:colcon.colcon_core.event_handler.log_command:Invoked command in '/home/ws/build/linorobot2_description' returned '0': CMAKE_PREFIX_PATH=${CMAKE_PREFIX_PATH}:/opt/ros/jazzy /usr/bin/cmake --build /home/ws/build/linorobot2_description -- -j16 -l16
[0.379s] DEBUG:colcon.colcon_core.event_handler.log_command:Invoking command in '/home/ws/build/linorobot2_description': CMAKE_PREFIX_PATH=${CMAKE_PREFIX_PATH}:/opt/ros/jazzy /usr/bin/cmake --install /home/ws/build/linorobot2_description
[0.385s] Level 1:colcon.colcon_core.environment:create_environment_scripts_only(linorobot2)
[0.389s] DEBUG:colcon.colcon_core.event_handler.log_command:Invoked command in '/home/ws/build/linorobot2' returned '0': CMAKE_PREFIX_PATH=${CMAKE_PREFIX_PATH}:/opt/ros/jazzy /usr/bin/cmake --install /home/ws/build/linorobot2
[0.390s] Level 1:colcon.colcon_core.environment:checking '/home/ws/install/linorobot2' for CMake module files
[0.391s] Level 1:colcon.colcon_core.environment:checking '/home/ws/install/linorobot2' for CMake config files
[0.394s] Level 1:colcon.colcon_core.shell:create_environment_hook('linorobot2', 'cmake_prefix_path')
[0.394s] INFO:colcon.colcon_core.shell:Creating environment hook '/home/ws/install/linorobot2/share/linorobot2/hook/cmake_prefix_path.ps1'
[0.395s] INFO:colcon.colcon_core.shell:Creating environment descriptor '/home/ws/install/linorobot2/share/linorobot2/hook/cmake_prefix_path.dsv'
[0.396s] INFO:colcon.colcon_core.shell:Creating environment hook '/home/ws/install/linorobot2/share/linorobot2/hook/cmake_prefix_path.sh'
[0.397s] Level 1:colcon.colcon_core.environment:checking '/home/ws/install/linorobot2/bin'
[0.397s] Level 1:colcon.colcon_core.environment:checking '/home/ws/install/linorobot2/lib/pkgconfig/linorobot2.pc'
[0.397s] Level 1:colcon.colcon_core.environment:checking '/home/ws/install/linorobot2/lib/python3.12/site-packages'
[0.397s] Level 1:colcon.colcon_core.environment:checking '/home/ws/install/linorobot2/bin'
[0.398s] INFO:colcon.colcon_core.shell:Creating package script '/home/ws/install/linorobot2/share/linorobot2/package.ps1'
[0.399s] INFO:colcon.colcon_core.shell:Creating package descriptor '/home/ws/install/linorobot2/share/linorobot2/package.dsv'
[0.399s] INFO:colcon.colcon_core.shell:Creating package script '/home/ws/install/linorobot2/share/linorobot2/package.sh'
[0.400s] INFO:colcon.colcon_core.shell:Creating package script '/home/ws/install/linorobot2/share/linorobot2/package.bash'
[0.401s] INFO:colcon.colcon_core.shell:Creating package script '/home/ws/install/linorobot2/share/linorobot2/package.zsh'
[0.401s] Level 1:colcon.colcon_core.environment:create_file_with_runtime_dependencies(/home/ws/install/linorobot2/share/colcon-core/packages/linorobot2)
[0.402s] Level 1:colcon.colcon_core.environment:create_environment_scripts_only(linorobot2)
[0.402s] Level 1:colcon.colcon_core.environment:checking '/home/ws/install/linorobot2' for CMake module files
[0.402s] Level 1:colcon.colcon_core.environment:checking '/home/ws/install/linorobot2' for CMake config files
[0.402s] Level 1:colcon.colcon_core.shell:create_environment_hook('linorobot2', 'cmake_prefix_path')
[0.402s] INFO:colcon.colcon_core.shell:Creating environment hook '/home/ws/install/linorobot2/share/linorobot2/hook/cmake_prefix_path.ps1'
[0.403s] INFO:colcon.colcon_core.shell:Creating environment descriptor '/home/ws/install/linorobot2/share/linorobot2/hook/cmake_prefix_path.dsv'
[0.403s] INFO:colcon.colcon_core.shell:Creating environment hook '/home/ws/install/linorobot2/share/linorobot2/hook/cmake_prefix_path.sh'
[0.403s] Level 1:colcon.colcon_core.environment:checking '/home/ws/install/linorobot2/bin'
[0.403s] Level 1:colcon.colcon_core.environment:checking '/home/ws/install/linorobot2/lib/pkgconfig/linorobot2.pc'
[0.403s] Level 1:colcon.colcon_core.environment:checking '/home/ws/install/linorobot2/lib/python3.12/site-packages'
[0.404s] Level 1:colcon.colcon_core.environment:checking '/home/ws/install/linorobot2/bin'
[0.404s] INFO:colcon.colcon_core.shell:Creating package script '/home/ws/install/linorobot2/share/linorobot2/package.ps1'
[0.404s] INFO:colcon.colcon_core.shell:Creating package descriptor '/home/ws/install/linorobot2/share/linorobot2/package.dsv'
[0.405s] INFO:colcon.colcon_core.shell:Creating package script '/home/ws/install/linorobot2/share/linorobot2/package.sh'
[0.405s] INFO:colcon.colcon_core.shell:Creating package script '/home/ws/install/linorobot2/share/linorobot2/package.bash'
[0.405s] INFO:colcon.colcon_core.shell:Creating package script '/home/ws/install/linorobot2/share/linorobot2/package.zsh'
[0.406s] Level 1:colcon.colcon_core.environment:create_file_with_runtime_dependencies(/home/ws/install/linorobot2/share/colcon-core/packages/linorobot2)
[0.407s] Level 1:colcon.colcon_core.environment:create_environment_scripts_only(linorobot2_description)
[0.407s] Level 1:colcon.colcon_core.environment:checking '/home/ws/install/linorobot2_description' for CMake module files
[0.407s] DEBUG:colcon.colcon_core.event_handler.log_command:Invoked command in '/home/ws/build/linorobot2_description' returned '0': CMAKE_PREFIX_PATH=${CMAKE_PREFIX_PATH}:/opt/ros/jazzy /usr/bin/cmake --install /home/ws/build/linorobot2_description
[0.408s] Level 1:colcon.colcon_core.environment:checking '/home/ws/install/linorobot2_description' for CMake config files
[0.408s] Level 1:colcon.colcon_core.shell:create_environment_hook('linorobot2_description', 'cmake_prefix_path')
[0.408s] INFO:colcon.colcon_core.shell:Creating environment hook '/home/ws/install/linorobot2_description/share/linorobot2_description/hook/cmake_prefix_path.ps1'
[0.408s] INFO:colcon.colcon_core.shell:Creating environment descriptor '/home/ws/install/linorobot2_description/share/linorobot2_description/hook/cmake_prefix_path.dsv'
[0.409s] INFO:colcon.colcon_core.shell:Creating environment hook '/home/ws/install/linorobot2_description/share/linorobot2_description/hook/cmake_prefix_path.sh'
[0.409s] Level 1:colcon.colcon_core.environment:checking '/home/ws/install/linorobot2_description/bin'
[0.409s] Level 1:colcon.colcon_core.environment:checking '/home/ws/install/linorobot2_description/lib/pkgconfig/linorobot2_description.pc'
[0.409s] Level 1:colcon.colcon_core.environment:checking '/home/ws/install/linorobot2_description/lib/python3.12/site-packages'
[0.409s] Level 1:colcon.colcon_core.environment:checking '/home/ws/install/linorobot2_description/bin'
[0.409s] INFO:colcon.colcon_core.shell:Creating package script '/home/ws/install/linorobot2_description/share/linorobot2_description/package.ps1'
[0.410s] INFO:colcon.colcon_core.shell:Creating package descriptor '/home/ws/install/linorobot2_description/share/linorobot2_description/package.dsv'
[0.410s] INFO:colcon.colcon_core.shell:Creating package script '/home/ws/install/linorobot2_description/share/linorobot2_description/package.sh'
[0.410s] INFO:colcon.colcon_core.shell:Creating package script '/home/ws/install/linorobot2_description/share/linorobot2_description/package.bash'
[0.411s] INFO:colcon.colcon_core.shell:Creating package script '/home/ws/install/linorobot2_description/share/linorobot2_description/package.zsh'
[0.411s] Level 1:colcon.colcon_core.environment:create_file_with_runtime_dependencies(/home/ws/install/linorobot2_description/share/colcon-core/packages/linorobot2_description)
[0.411s] Level 1:colcon.colcon_core.environment:create_environment_scripts_only(linorobot2_description)
[0.411s] Level 1:colcon.colcon_core.environment:checking '/home/ws/install/linorobot2_description' for CMake module files
[0.412s] Level 1:colcon.colcon_core.environment:checking '/home/ws/install/linorobot2_description' for CMake config files
[0.412s] Level 1:colcon.colcon_core.shell:create_environment_hook('linorobot2_description', 'cmake_prefix_path')
[0.412s] INFO:colcon.colcon_core.shell:Creating environment hook '/home/ws/install/linorobot2_description/share/linorobot2_description/hook/cmake_prefix_path.ps1'
[0.412s] INFO:colcon.colcon_core.shell:Creating environment descriptor '/home/ws/install/linorobot2_description/share/linorobot2_description/hook/cmake_prefix_path.dsv'
[0.412s] INFO:colcon.colcon_core.shell:Creating environment hook '/home/ws/install/linorobot2_description/share/linorobot2_description/hook/cmake_prefix_path.sh'
[0.413s] Level 1:colcon.colcon_core.environment:checking '/home/ws/install/linorobot2_description/bin'
[0.413s] Level 1:colcon.colcon_core.environment:checking '/home/ws/install/linorobot2_description/lib/pkgconfig/linorobot2_description.pc'
[0.413s] Level 1:colcon.colcon_core.environment:checking '/home/ws/install/linorobot2_description/lib/python3.12/site-packages'
[0.414s] Level 1:colcon.colcon_core.environment:checking '/home/ws/install/linorobot2_description/bin'
[0.414s] INFO:colcon.colcon_core.shell:Creating package script '/home/ws/install/linorobot2_description/share/linorobot2_description/package.ps1'
[0.414s] INFO:colcon.colcon_core.shell:Creating package descriptor '/home/ws/install/linorobot2_description/share/linorobot2_description/package.dsv'
[0.415s] INFO:colcon.colcon_core.shell:Creating package script '/home/ws/install/linorobot2_description/share/linorobot2_description/package.sh'
[0.415s] INFO:colcon.colcon_core.shell:Creating package script '/home/ws/install/linorobot2_description/share/linorobot2_description/package.bash'
[0.415s] INFO:colcon.colcon_core.shell:Creating package script '/home/ws/install/linorobot2_description/share/linorobot2_description/package.zsh'
[0.416s] Level 1:colcon.colcon_core.environment:create_file_with_runtime_dependencies(/home/ws/install/linorobot2_description/share/colcon-core/packages/linorobot2_description)
[0.416s] Level 1:colcon.colcon_core.environment:create_environment_scripts_only(linorobot2_base)
[0.416s] Level 1:colcon.colcon_core.environment:checking '/home/ws/install/linorobot2_base' for CMake module files
[0.416s] Level 1:colcon.colcon_core.environment:checking '/home/ws/install/linorobot2_base' for CMake config files
[0.417s] DEBUG:colcon.colcon_core.event_handler.log_command:Invoked command in '/home/ws/build/linorobot2_base' returned '0': CMAKE_PREFIX_PATH=${CMAKE_PREFIX_PATH}:/opt/ros/jazzy /usr/bin/cmake --install /home/ws/build/linorobot2_base
[0.417s] Level 1:colcon.colcon_core.shell:create_environment_hook('linorobot2_base', 'cmake_prefix_path')
[0.417s] INFO:colcon.colcon_core.shell:Creating environment hook '/home/ws/install/linorobot2_base/share/linorobot2_base/hook/cmake_prefix_path.ps1'
[0.417s] INFO:colcon.colcon_core.shell:Creating environment descriptor '/home/ws/install/linorobot2_base/share/linorobot2_base/hook/cmake_prefix_path.dsv'
[0.418s] INFO:colcon.colcon_core.shell:Creating environment hook '/home/ws/install/linorobot2_base/share/linorobot2_base/hook/cmake_prefix_path.sh'
[0.418s] Level 1:colcon.colcon_core.environment:checking '/home/ws/install/linorobot2_base/bin'
[0.418s] Level 1:colcon.colcon_core.environment:checking '/home/ws/install/linorobot2_base/lib/pkgconfig/linorobot2_base.pc'
[0.418s] Level 1:colcon.colcon_core.environment:checking '/home/ws/install/linorobot2_base/lib/python3.12/site-packages'
[0.419s] Level 1:colcon.colcon_core.environment:checking '/home/ws/install/linorobot2_base/bin'
[0.419s] INFO:colcon.colcon_core.shell:Creating package script '/home/ws/install/linorobot2_base/share/linorobot2_base/package.ps1'
[0.419s] INFO:colcon.colcon_core.shell:Creating package descriptor '/home/ws/install/linorobot2_base/share/linorobot2_base/package.dsv'
[0.419s] INFO:colcon.colcon_core.shell:Creating package script '/home/ws/install/linorobot2_base/share/linorobot2_base/package.sh'
[0.420s] INFO:colcon.colcon_core.shell:Creating package script '/home/ws/install/linorobot2_base/share/linorobot2_base/package.bash'
[0.420s] INFO:colcon.colcon_core.shell:Creating package script '/home/ws/install/linorobot2_base/share/linorobot2_base/package.zsh'
[0.420s] Level 1:colcon.colcon_core.environment:create_file_with_runtime_dependencies(/home/ws/install/linorobot2_base/share/colcon-core/packages/linorobot2_base)
[0.420s] Level 1:colcon.colcon_core.environment:create_environment_scripts_only(linorobot2_base)
[0.421s] Level 1:colcon.colcon_core.environment:checking '/home/ws/install/linorobot2_base' for CMake module files
[0.421s] Level 1:colcon.colcon_core.environment:checking '/home/ws/install/linorobot2_base' for CMake config files
[0.421s] Level 1:colcon.colcon_core.shell:create_environment_hook('linorobot2_base', 'cmake_prefix_path')
[0.421s] INFO:colcon.colcon_core.shell:Creating environment hook '/home/ws/install/linorobot2_base/share/linorobot2_base/hook/cmake_prefix_path.ps1'
[0.422s] INFO:colcon.colcon_core.shell:Creating environment descriptor '/home/ws/install/linorobot2_base/share/linorobot2_base/hook/cmake_prefix_path.dsv'
[0.422s] INFO:colcon.colcon_core.shell:Creating environment hook '/home/ws/install/linorobot2_base/share/linorobot2_base/hook/cmake_prefix_path.sh'
[0.422s] Level 1:colcon.colcon_core.environment:checking '/home/ws/install/linorobot2_base/bin'
[0.422s] Level 1:colcon.colcon_core.environment:checking '/home/ws/install/linorobot2_base/lib/pkgconfig/linorobot2_base.pc'
[0.422s] Level 1:colcon.colcon_core.environment:checking '/home/ws/install/linorobot2_base/lib/python3.12/site-packages'
[0.423s] Level 1:colcon.colcon_core.environment:checking '/home/ws/install/linorobot2_base/bin'
[0.423s] INFO:colcon.colcon_core.shell:Creating package script '/home/ws/install/linorobot2_base/share/linorobot2_base/package.ps1'
[0.423s] INFO:colcon.colcon_core.shell:Creating package descriptor '/home/ws/install/linorobot2_base/share/linorobot2_base/package.dsv'
[0.424s] INFO:colcon.colcon_core.shell:Creating package script '/home/ws/install/linorobot2_base/share/linorobot2_base/package.sh'
[0.424s] INFO:colcon.colcon_core.shell:Creating package script '/home/ws/install/linorobot2_base/share/linorobot2_base/package.bash'
[0.424s] INFO:colcon.colcon_core.shell:Creating package script '/home/ws/install/linorobot2_base/share/linorobot2_base/package.zsh'
[0.425s] Level 1:colcon.colcon_core.environment:create_file_with_runtime_dependencies(/home/ws/install/linorobot2_base/share/colcon-core/packages/linorobot2_base)
[0.426s] DEBUG:colcon.colcon_core.event_handler.log_command:Invoked command in '/home/ws/build/linorobot2_navigation' returned '0': CMAKE_PREFIX_PATH=${CMAKE_PREFIX_PATH}:/opt/ros/jazzy /usr/bin/cmake --build /home/ws/build/linorobot2_navigation -- -j16 -l16
[0.427s] DEBUG:colcon.colcon_core.event_handler.log_command:Invoking command in '/home/ws/build/linorobot2_navigation': CMAKE_PREFIX_PATH=${CMAKE_PREFIX_PATH}:/opt/ros/jazzy /usr/bin/cmake --install /home/ws/build/linorobot2_navigation
[0.435s] Level 1:colcon.colcon_core.environment:create_environment_scripts_only(linorobot2_navigation)
[0.436s] Level 1:colcon.colcon_core.environment:checking '/home/ws/install/linorobot2_navigation' for CMake module files
[0.437s] Level 1:colcon.colcon_core.environment:checking '/home/ws/install/linorobot2_navigation' for CMake config files
[0.438s] Level 1:colcon.colcon_core.shell:create_environment_hook('linorobot2_navigation', 'cmake_prefix_path')
[0.438s] INFO:colcon.colcon_core.shell:Creating environment hook '/home/ws/install/linorobot2_navigation/share/linorobot2_navigation/hook/cmake_prefix_path.ps1'
[0.439s] INFO:colcon.colcon_core.shell:Creating environment descriptor '/home/ws/install/linorobot2_navigation/share/linorobot2_navigation/hook/cmake_prefix_path.dsv'
[0.440s] INFO:colcon.colcon_core.shell:Creating environment hook '/home/ws/install/linorobot2_navigation/share/linorobot2_navigation/hook/cmake_prefix_path.sh'
[0.441s] DEBUG:colcon.colcon_core.event_handler.log_command:Invoked command in '/home/ws/build/linorobot2_navigation' returned '0': CMAKE_PREFIX_PATH=${CMAKE_PREFIX_PATH}:/opt/ros/jazzy /usr/bin/cmake --install /home/ws/build/linorobot2_navigation
[0.441s] Level 1:colcon.colcon_core.environment:checking '/home/ws/install/linorobot2_navigation/bin'
[0.441s] Level 1:colcon.colcon_core.environment:checking '/home/ws/install/linorobot2_navigation/lib/pkgconfig/linorobot2_navigation.pc'
[0.441s] Level 1:colcon.colcon_core.environment:checking '/home/ws/install/linorobot2_navigation/lib/python3.12/site-packages'
[0.441s] Level 1:colcon.colcon_core.environment:checking '/home/ws/install/linorobot2_navigation/bin'
[0.441s] INFO:colcon.colcon_core.shell:Creating package script '/home/ws/install/linorobot2_navigation/share/linorobot2_navigation/package.ps1'
[0.442s] INFO:colcon.colcon_core.shell:Creating package descriptor '/home/ws/install/linorobot2_navigation/share/linorobot2_navigation/package.dsv'
[0.442s] INFO:colcon.colcon_core.shell:Creating package script '/home/ws/install/linorobot2_navigation/share/linorobot2_navigation/package.sh'
[0.442s] INFO:colcon.colcon_core.shell:Creating package script '/home/ws/install/linorobot2_navigation/share/linorobot2_navigation/package.bash'
[0.443s] INFO:colcon.colcon_core.shell:Creating package script '/home/ws/install/linorobot2_navigation/share/linorobot2_navigation/package.zsh'
[0.443s] Level 1:colcon.colcon_core.environment:create_file_with_runtime_dependencies(/home/ws/install/linorobot2_navigation/share/colcon-core/packages/linorobot2_navigation)
[0.443s] Level 1:colcon.colcon_core.environment:create_environment_scripts_only(linorobot2_navigation)
[0.443s] Level 1:colcon.colcon_core.environment:checking '/home/ws/install/linorobot2_navigation' for CMake module files
[0.444s] Level 1:colcon.colcon_core.environment:checking '/home/ws/install/linorobot2_navigation' for CMake config files
[0.444s] Level 1:colcon.colcon_core.shell:create_environment_hook('linorobot2_navigation', 'cmake_prefix_path')
[0.444s] INFO:colcon.colcon_core.shell:Creating environment hook '/home/ws/install/linorobot2_navigation/share/linorobot2_navigation/hook/cmake_prefix_path.ps1'
[0.444s] INFO:colcon.colcon_core.shell:Creating environment descriptor '/home/ws/install/linorobot2_navigation/share/linorobot2_navigation/hook/cmake_prefix_path.dsv'
[0.444s] INFO:colcon.colcon_core.shell:Creating environment hook '/home/ws/install/linorobot2_navigation/share/linorobot2_navigation/hook/cmake_prefix_path.sh'
[0.445s] Level 1:colcon.colcon_core.environment:checking '/home/ws/install/linorobot2_navigation/bin'
[0.445s] Level 1:colcon.colcon_core.environment:checking '/home/ws/install/linorobot2_navigation/lib/pkgconfig/linorobot2_navigation.pc'
[0.445s] Level 1:colcon.colcon_core.environment:checking '/home/ws/install/linorobot2_navigation/lib/python3.12/site-packages'
[0.445s] Level 1:colcon.colcon_core.environment:checking '/home/ws/install/linorobot2_navigation/bin'
[0.446s] INFO:colcon.colcon_core.shell:Creating package script '/home/ws/install/linorobot2_navigation/share/linorobot2_navigation/package.ps1'
[0.446s] INFO:colcon.colcon_core.shell:Creating package descriptor '/home/ws/install/linorobot2_navigation/share/linorobot2_navigation/package.dsv'
[0.446s] INFO:colcon.colcon_core.shell:Creating package script '/home/ws/install/linorobot2_navigation/share/linorobot2_navigation/package.sh'
[0.447s] INFO:colcon.colcon_core.shell:Creating package script '/home/ws/install/linorobot2_navigation/share/linorobot2_navigation/package.bash'
[0.447s] INFO:colcon.colcon_core.shell:Creating package script '/home/ws/install/linorobot2_navigation/share/linorobot2_navigation/package.zsh'
[0.447s] Level 1:colcon.colcon_core.environment:create_file_with_runtime_dependencies(/home/ws/install/linorobot2_navigation/share/colcon-core/packages/linorobot2_navigation)
[0.486s] DEBUG:colcon.colcon_core.event_handler.log_command:Invoked command in '/home/ws/build/micro_ros_msgs' returned '0': CMAKE_PREFIX_PATH=${CMAKE_PREFIX_PATH}:/opt/ros/jazzy /usr/bin/cmake --build /home/ws/build/micro_ros_msgs -- -j16 -l16
[0.487s] DEBUG:colcon.colcon_core.event_handler.log_command:Invoking command in '/home/ws/build/micro_ros_msgs': CMAKE_PREFIX_PATH=${CMAKE_PREFIX_PATH}:/opt/ros/jazzy /usr/bin/cmake --install /home/ws/build/micro_ros_msgs
[0.529s] Level 1:colcon.colcon_core.environment:create_environment_scripts_only(micro_ros_msgs)
[0.529s] Level 1:colcon.colcon_core.environment:checking '/home/ws/install/micro_ros_msgs' for CMake module files
[0.529s] DEBUG:colcon.colcon_core.event_handler.log_command:Invoked command in '/home/ws/build/micro_ros_msgs' returned '0': CMAKE_PREFIX_PATH=${CMAKE_PREFIX_PATH}:/opt/ros/jazzy /usr/bin/cmake --install /home/ws/build/micro_ros_msgs
[0.530s] Level 1:colcon.colcon_core.environment:checking '/home/ws/install/micro_ros_msgs' for CMake config files
[0.530s] Level 1:colcon.colcon_core.shell:create_environment_hook('micro_ros_msgs', 'cmake_prefix_path')
[0.530s] INFO:colcon.colcon_core.shell:Creating environment hook '/home/ws/install/micro_ros_msgs/share/micro_ros_msgs/hook/cmake_prefix_path.ps1'
[0.530s] INFO:colcon.colcon_core.shell:Creating environment descriptor '/home/ws/install/micro_ros_msgs/share/micro_ros_msgs/hook/cmake_prefix_path.dsv'
[0.531s] INFO:colcon.colcon_core.shell:Creating environment hook '/home/ws/install/micro_ros_msgs/share/micro_ros_msgs/hook/cmake_prefix_path.sh'
[0.531s] Level 1:colcon.colcon_core.environment:checking '/home/ws/install/micro_ros_msgs/lib'
[0.531s] Level 1:colcon.colcon_core.shell:create_environment_hook('micro_ros_msgs', 'ld_library_path_lib')
[0.531s] INFO:colcon.colcon_core.shell:Creating environment hook '/home/ws/install/micro_ros_msgs/share/micro_ros_msgs/hook/ld_library_path_lib.ps1'
[0.532s] INFO:colcon.colcon_core.shell:Creating environment descriptor '/home/ws/install/micro_ros_msgs/share/micro_ros_msgs/hook/ld_library_path_lib.dsv'
[0.532s] INFO:colcon.colcon_core.shell:Creating environment hook '/home/ws/install/micro_ros_msgs/share/micro_ros_msgs/hook/ld_library_path_lib.sh'
[0.532s] Level 1:colcon.colcon_core.environment:checking '/home/ws/install/micro_ros_msgs/bin'
[0.532s] Level 1:colcon.colcon_core.environment:checking '/home/ws/install/micro_ros_msgs/lib/pkgconfig/micro_ros_msgs.pc'
[0.532s] Level 1:colcon.colcon_core.environment:checking '/home/ws/install/micro_ros_msgs/lib/python3.12/site-packages'
[0.533s] Level 1:colcon.colcon_core.shell:create_environment_hook('micro_ros_msgs', 'pythonpath')
[0.533s] INFO:colcon.colcon_core.shell:Creating environment hook '/home/ws/install/micro_ros_msgs/share/micro_ros_msgs/hook/pythonpath.ps1'
[0.533s] INFO:colcon.colcon_core.shell:Creating environment descriptor '/home/ws/install/micro_ros_msgs/share/micro_ros_msgs/hook/pythonpath.dsv'
[0.533s] INFO:colcon.colcon_core.shell:Creating environment hook '/home/ws/install/micro_ros_msgs/share/micro_ros_msgs/hook/pythonpath.sh'
[0.534s] Level 1:colcon.colcon_core.environment:checking '/home/ws/install/micro_ros_msgs/bin'
[0.534s] INFO:colcon.colcon_core.shell:Creating package script '/home/ws/install/micro_ros_msgs/share/micro_ros_msgs/package.ps1'
[0.535s] INFO:colcon.colcon_core.shell:Creating package descriptor '/home/ws/install/micro_ros_msgs/share/micro_ros_msgs/package.dsv'
[0.535s] INFO:colcon.colcon_core.shell:Creating package script '/home/ws/install/micro_ros_msgs/share/micro_ros_msgs/package.sh'
[0.535s] INFO:colcon.colcon_core.shell:Creating package script '/home/ws/install/micro_ros_msgs/share/micro_ros_msgs/package.bash'
[0.536s] INFO:colcon.colcon_core.shell:Creating package script '/home/ws/install/micro_ros_msgs/share/micro_ros_msgs/package.zsh'
[0.536s] Level 1:colcon.colcon_core.environment:create_file_with_runtime_dependencies(/home/ws/install/micro_ros_msgs/share/colcon-core/packages/micro_ros_msgs)
[0.536s] Level 1:colcon.colcon_core.environment:create_environment_scripts_only(micro_ros_msgs)
[0.537s] Level 1:colcon.colcon_core.environment:checking '/home/ws/install/micro_ros_msgs' for CMake module files
[0.537s] Level 1:colcon.colcon_core.environment:checking '/home/ws/install/micro_ros_msgs' for CMake config files
[0.538s] Level 1:colcon.colcon_core.shell:create_environment_hook('micro_ros_msgs', 'cmake_prefix_path')
[0.538s] INFO:colcon.colcon_core.shell:Creating environment hook '/home/ws/install/micro_ros_msgs/share/micro_ros_msgs/hook/cmake_prefix_path.ps1'
[0.538s] INFO:colcon.colcon_core.shell:Creating environment descriptor '/home/ws/install/micro_ros_msgs/share/micro_ros_msgs/hook/cmake_prefix_path.dsv'
[0.538s] INFO:colcon.colcon_core.shell:Creating environment hook '/home/ws/install/micro_ros_msgs/share/micro_ros_msgs/hook/cmake_prefix_path.sh'
[0.539s] Level 1:colcon.colcon_core.environment:checking '/home/ws/install/micro_ros_msgs/lib'
[0.539s] Level 1:colcon.colcon_core.shell:create_environment_hook('micro_ros_msgs', 'ld_library_path_lib')
[0.539s] INFO:colcon.colcon_core.shell:Creating environment hook '/home/ws/install/micro_ros_msgs/share/micro_ros_msgs/hook/ld_library_path_lib.ps1'
[0.540s] INFO:colcon.colcon_core.shell:Creating environment descriptor '/home/ws/install/micro_ros_msgs/share/micro_ros_msgs/hook/ld_library_path_lib.dsv'
[0.540s] INFO:colcon.colcon_core.shell:Creating environment hook '/home/ws/install/micro_ros_msgs/share/micro_ros_msgs/hook/ld_library_path_lib.sh'
[0.540s] Level 1:colcon.colcon_core.environment:checking '/home/ws/install/micro_ros_msgs/bin'
[0.540s] Level 1:colcon.colcon_core.environment:checking '/home/ws/install/micro_ros_msgs/lib/pkgconfig/micro_ros_msgs.pc'
[0.540s] Level 1:colcon.colcon_core.environment:checking '/home/ws/install/micro_ros_msgs/lib/python3.12/site-packages'
[0.541s] Level 1:colcon.colcon_core.shell:create_environment_hook('micro_ros_msgs', 'pythonpath')
[0.541s] INFO:colcon.colcon_core.shell:Creating environment hook '/home/ws/install/micro_ros_msgs/share/micro_ros_msgs/hook/pythonpath.ps1'
[0.541s] INFO:colcon.colcon_core.shell:Creating environment descriptor '/home/ws/install/micro_ros_msgs/share/micro_ros_msgs/hook/pythonpath.dsv'
[0.541s] INFO:colcon.colcon_core.shell:Creating environment hook '/home/ws/install/micro_ros_msgs/share/micro_ros_msgs/hook/pythonpath.sh'
[0.542s] Level 1:colcon.colcon_core.environment:checking '/home/ws/install/micro_ros_msgs/bin'
[0.542s] INFO:colcon.colcon_core.shell:Creating package script '/home/ws/install/micro_ros_msgs/share/micro_ros_msgs/package.ps1'
[0.543s] INFO:colcon.colcon_core.shell:Creating package descriptor '/home/ws/install/micro_ros_msgs/share/micro_ros_msgs/package.dsv'
[0.543s] INFO:colcon.colcon_core.shell:Creating package script '/home/ws/install/micro_ros_msgs/share/micro_ros_msgs/package.sh'
[0.544s] INFO:colcon.colcon_core.shell:Creating package script '/home/ws/install/micro_ros_msgs/share/micro_ros_msgs/package.bash'
[0.544s] INFO:colcon.colcon_core.shell:Creating package script '/home/ws/install/micro_ros_msgs/share/micro_ros_msgs/package.zsh'
[0.545s] Level 1:colcon.colcon_core.environment:create_file_with_runtime_dependencies(/home/ws/install/micro_ros_msgs/share/colcon-core/packages/micro_ros_msgs)
[0.545s] INFO:colcon.colcon_ros.task.ament_cmake.build:Building ROS package in '/home/ws/src/micro-ROS-Agent/micro_ros_agent' with build type 'ament_cmake'
[0.545s] INFO:colcon.colcon_cmake.task.cmake.build:Building CMake package in '/home/ws/src/micro-ROS-Agent/micro_ros_agent'
[0.545s] INFO:colcon.colcon_core.shell:Skip shell extension 'powershell' for command environment: Not usable outside of PowerShell
[0.545s] DEBUG:colcon.colcon_core.shell:Skip shell extension 'dsv' for command environment
[0.555s] DEBUG:colcon.colcon_core.event_handler.log_command:Invoking command in '/home/ws/build/micro_ros_agent': AMENT_PREFIX_PATH=/home/ws/install/micro_ros_msgs:${AMENT_PREFIX_PATH} CMAKE_PREFIX_PATH=/home/ws/install/micro_ros_msgs:/opt/ros/jazzy/opt/gz_sim_vendor:/opt/ros/jazzy/opt/gz_sensors_vendor:/opt/ros/jazzy/opt/gz_physics_vendor:/opt/ros/jazzy/opt/sdformat_vendor:/opt/ros/jazzy/opt/gz_gui_vendor:/opt/ros/jazzy/opt/gz_transport_vendor:/opt/ros/jazzy/opt/gz_rendering_vendor:/opt/ros/jazzy/opt/gz_plugin_vendor:/opt/ros/jazzy/opt/gz_fuel_tools_vendor:/opt/ros/jazzy/opt/gz_msgs_vendor:/opt/ros/jazzy/opt/gz_common_vendor:/opt/ros/jazzy/opt/gz_math_vendor:/opt/ros/jazzy/opt/gz_utils_vendor:/opt/ros/jazzy/opt/gz_tools_vendor:/opt/ros/jazzy/opt/gz_ogre_next_vendor:/opt/ros/jazzy/opt/gz_dartsim_vendor:/opt/ros/jazzy/opt/gz_cmake_vendor:/opt/ros/jazzy LD_LIBRARY_PATH=/home/ws/install/micro_ros_msgs/lib:${LD_LIBRARY_PATH} PYTHONPATH=/home/ws/install/micro_ros_msgs/lib/python3.12/site-packages:${PYTHONPATH} /usr/bin/cmake --build /home/ws/build/micro_ros_agent -- -j16 -l16
[0.627s] DEBUG:colcon.colcon_core.event_handler.log_command:Invoked command in '/home/ws/build/micro_ros_agent' returned '0': AMENT_PREFIX_PATH=/home/ws/install/micro_ros_msgs:${AMENT_PREFIX_PATH} CMAKE_PREFIX_PATH=/home/ws/install/micro_ros_msgs:/opt/ros/jazzy/opt/gz_sim_vendor:/opt/ros/jazzy/opt/gz_sensors_vendor:/opt/ros/jazzy/opt/gz_physics_vendor:/opt/ros/jazzy/opt/sdformat_vendor:/opt/ros/jazzy/opt/gz_gui_vendor:/opt/ros/jazzy/opt/gz_transport_vendor:/opt/ros/jazzy/opt/gz_rendering_vendor:/opt/ros/jazzy/opt/gz_plugin_vendor:/opt/ros/jazzy/opt/gz_fuel_tools_vendor:/opt/ros/jazzy/opt/gz_msgs_vendor:/opt/ros/jazzy/opt/gz_common_vendor:/opt/ros/jazzy/opt/gz_math_vendor:/opt/ros/jazzy/opt/gz_utils_vendor:/opt/ros/jazzy/opt/gz_tools_vendor:/opt/ros/jazzy/opt/gz_ogre_next_vendor:/opt/ros/jazzy/opt/gz_dartsim_vendor:/opt/ros/jazzy/opt/gz_cmake_vendor:/opt/ros/jazzy LD_LIBRARY_PATH=/home/ws/install/micro_ros_msgs/lib:${LD_LIBRARY_PATH} PYTHONPATH=/home/ws/install/micro_ros_msgs/lib/python3.12/site-packages:${PYTHONPATH} /usr/bin/cmake --build /home/ws/build/micro_ros_agent -- -j16 -l16
[0.627s] DEBUG:colcon.colcon_core.event_handler.log_command:Invoking command in '/home/ws/build/micro_ros_agent': AMENT_PREFIX_PATH=/home/ws/install/micro_ros_msgs:${AMENT_PREFIX_PATH} CMAKE_PREFIX_PATH=/home/ws/install/micro_ros_msgs:/opt/ros/jazzy/opt/gz_sim_vendor:/opt/ros/jazzy/opt/gz_sensors_vendor:/opt/ros/jazzy/opt/gz_physics_vendor:/opt/ros/jazzy/opt/sdformat_vendor:/opt/ros/jazzy/opt/gz_gui_vendor:/opt/ros/jazzy/opt/gz_transport_vendor:/opt/ros/jazzy/opt/gz_rendering_vendor:/opt/ros/jazzy/opt/gz_plugin_vendor:/opt/ros/jazzy/opt/gz_fuel_tools_vendor:/opt/ros/jazzy/opt/gz_msgs_vendor:/opt/ros/jazzy/opt/gz_common_vendor:/opt/ros/jazzy/opt/gz_math_vendor:/opt/ros/jazzy/opt/gz_utils_vendor:/opt/ros/jazzy/opt/gz_tools_vendor:/opt/ros/jazzy/opt/gz_ogre_next_vendor:/opt/ros/jazzy/opt/gz_dartsim_vendor:/opt/ros/jazzy/opt/gz_cmake_vendor:/opt/ros/jazzy LD_LIBRARY_PATH=/home/ws/install/micro_ros_msgs/lib:${LD_LIBRARY_PATH} PYTHONPATH=/home/ws/install/micro_ros_msgs/lib/python3.12/site-packages:${PYTHONPATH} /usr/bin/cmake --install /home/ws/build/micro_ros_agent
[0.635s] Level 1:colcon.colcon_core.environment:create_environment_scripts_only(micro_ros_agent)
[0.635s] Level 1:colcon.colcon_core.environment:checking '/home/ws/install/micro_ros_agent' for CMake module files
[0.635s] DEBUG:colcon.colcon_core.event_handler.log_command:Invoked command in '/home/ws/build/micro_ros_agent' returned '0': AMENT_PREFIX_PATH=/home/ws/install/micro_ros_msgs:${AMENT_PREFIX_PATH} CMAKE_PREFIX_PATH=/home/ws/install/micro_ros_msgs:/opt/ros/jazzy/opt/gz_sim_vendor:/opt/ros/jazzy/opt/gz_sensors_vendor:/opt/ros/jazzy/opt/gz_physics_vendor:/opt/ros/jazzy/opt/sdformat_vendor:/opt/ros/jazzy/opt/gz_gui_vendor:/opt/ros/jazzy/opt/gz_transport_vendor:/opt/ros/jazzy/opt/gz_rendering_vendor:/opt/ros/jazzy/opt/gz_plugin_vendor:/opt/ros/jazzy/opt/gz_fuel_tools_vendor:/opt/ros/jazzy/opt/gz_msgs_vendor:/opt/ros/jazzy/opt/gz_common_vendor:/opt/ros/jazzy/opt/gz_math_vendor:/opt/ros/jazzy/opt/gz_utils_vendor:/opt/ros/jazzy/opt/gz_tools_vendor:/opt/ros/jazzy/opt/gz_ogre_next_vendor:/opt/ros/jazzy/opt/gz_dartsim_vendor:/opt/ros/jazzy/opt/gz_cmake_vendor:/opt/ros/jazzy LD_LIBRARY_PATH=/home/ws/install/micro_ros_msgs/lib:${LD_LIBRARY_PATH} PYTHONPATH=/home/ws/install/micro_ros_msgs/lib/python3.12/site-packages:${PYTHONPATH} /usr/bin/cmake --install /home/ws/build/micro_ros_agent
[0.636s] Level 1:colcon.colcon_core.environment:checking '/home/ws/install/micro_ros_agent' for CMake config files
[0.636s] Level 1:colcon.colcon_core.shell:create_environment_hook('micro_ros_agent', 'cmake_prefix_path')
[0.636s] INFO:colcon.colcon_core.shell:Creating environment hook '/home/ws/install/micro_ros_agent/share/micro_ros_agent/hook/cmake_prefix_path.ps1'
[0.637s] INFO:colcon.colcon_core.shell:Creating environment descriptor '/home/ws/install/micro_ros_agent/share/micro_ros_agent/hook/cmake_prefix_path.dsv'
[0.637s] INFO:colcon.colcon_core.shell:Creating environment hook '/home/ws/install/micro_ros_agent/share/micro_ros_agent/hook/cmake_prefix_path.sh'
[0.637s] Level 1:colcon.colcon_core.environment:checking '/home/ws/install/micro_ros_agent/lib'
[0.637s] Level 1:colcon.colcon_core.shell:create_environment_hook('micro_ros_agent', 'ld_library_path_lib')
[0.637s] INFO:colcon.colcon_core.shell:Creating environment hook '/home/ws/install/micro_ros_agent/share/micro_ros_agent/hook/ld_library_path_lib.ps1'
[0.638s] INFO:colcon.colcon_core.shell:Creating environment descriptor '/home/ws/install/micro_ros_agent/share/micro_ros_agent/hook/ld_library_path_lib.dsv'
[0.638s] INFO:colcon.colcon_core.shell:Creating environment hook '/home/ws/install/micro_ros_agent/share/micro_ros_agent/hook/ld_library_path_lib.sh'
[0.638s] Level 1:colcon.colcon_core.environment:checking '/home/ws/install/micro_ros_agent/bin'
[0.638s] Level 1:colcon.colcon_core.environment:checking '/home/ws/install/micro_ros_agent/lib/pkgconfig/micro_ros_agent.pc'
[0.638s] Level 1:colcon.colcon_core.environment:checking '/home/ws/install/micro_ros_agent/lib/python3.12/site-packages'
[0.639s] Level 1:colcon.colcon_core.environment:checking '/home/ws/install/micro_ros_agent/bin'
[0.639s] INFO:colcon.colcon_core.shell:Creating package script '/home/ws/install/micro_ros_agent/share/micro_ros_agent/package.ps1'
[0.639s] INFO:colcon.colcon_core.shell:Creating package descriptor '/home/ws/install/micro_ros_agent/share/micro_ros_agent/package.dsv'
[0.639s] INFO:colcon.colcon_core.shell:Creating package script '/home/ws/install/micro_ros_agent/share/micro_ros_agent/package.sh'
[0.640s] INFO:colcon.colcon_core.shell:Creating package script '/home/ws/install/micro_ros_agent/share/micro_ros_agent/package.bash'
[0.640s] INFO:colcon.colcon_core.shell:Creating package script '/home/ws/install/micro_ros_agent/share/micro_ros_agent/package.zsh'
[0.640s] Level 1:colcon.colcon_core.environment:create_file_with_runtime_dependencies(/home/ws/install/micro_ros_agent/share/colcon-core/packages/micro_ros_agent)
[0.640s] Level 1:colcon.colcon_core.environment:create_environment_scripts_only(micro_ros_agent)
[0.640s] Level 1:colcon.colcon_core.environment:checking '/home/ws/install/micro_ros_agent' for CMake module files
[0.641s] Level 1:colcon.colcon_core.environment:checking '/home/ws/install/micro_ros_agent' for CMake config files
[0.641s] Level 1:colcon.colcon_core.shell:create_environment_hook('micro_ros_agent', 'cmake_prefix_path')
[0.641s] INFO:colcon.colcon_core.shell:Creating environment hook '/home/ws/install/micro_ros_agent/share/micro_ros_agent/hook/cmake_prefix_path.ps1'
[0.641s] INFO:colcon.colcon_core.shell:Creating environment descriptor '/home/ws/install/micro_ros_agent/share/micro_ros_agent/hook/cmake_prefix_path.dsv'
[0.642s] INFO:colcon.colcon_core.shell:Creating environment hook '/home/ws/install/micro_ros_agent/share/micro_ros_agent/hook/cmake_prefix_path.sh'
[0.642s] Level 1:colcon.colcon_core.environment:checking '/home/ws/install/micro_ros_agent/lib'
[0.642s] Level 1:colcon.colcon_core.shell:create_environment_hook('micro_ros_agent', 'ld_library_path_lib')
[0.642s] INFO:colcon.colcon_core.shell:Creating environment hook '/home/ws/install/micro_ros_agent/share/micro_ros_agent/hook/ld_library_path_lib.ps1'
[0.643s] INFO:colcon.colcon_core.shell:Creating environment descriptor '/home/ws/install/micro_ros_agent/share/micro_ros_agent/hook/ld_library_path_lib.dsv'
[0.643s] INFO:colcon.colcon_core.shell:Creating environment hook '/home/ws/install/micro_ros_agent/share/micro_ros_agent/hook/ld_library_path_lib.sh'
[0.643s] Level 1:colcon.colcon_core.environment:checking '/home/ws/install/micro_ros_agent/bin'
[0.643s] Level 1:colcon.colcon_core.environment:checking '/home/ws/install/micro_ros_agent/lib/pkgconfig/micro_ros_agent.pc'
[0.643s] Level 1:colcon.colcon_core.environment:checking '/home/ws/install/micro_ros_agent/lib/python3.12/site-packages'
[0.643s] Level 1:colcon.colcon_core.environment:checking '/home/ws/install/micro_ros_agent/bin'
[0.643s] INFO:colcon.colcon_core.shell:Creating package script '/home/ws/install/micro_ros_agent/share/micro_ros_agent/package.ps1'
[0.644s] INFO:colcon.colcon_core.shell:Creating package descriptor '/home/ws/install/micro_ros_agent/share/micro_ros_agent/package.dsv'
[0.644s] INFO:colcon.colcon_core.shell:Creating package script '/home/ws/install/micro_ros_agent/share/micro_ros_agent/package.sh'
[0.644s] INFO:colcon.colcon_core.shell:Creating package script '/home/ws/install/micro_ros_agent/share/micro_ros_agent/package.bash'
[0.645s] INFO:colcon.colcon_core.shell:Creating package script '/home/ws/install/micro_ros_agent/share/micro_ros_agent/package.zsh'
[0.645s] Level 1:colcon.colcon_core.environment:create_file_with_runtime_dependencies(/home/ws/install/micro_ros_agent/share/colcon-core/packages/micro_ros_agent)
[0.645s] INFO:colcon.colcon_ros.task.ament_cmake.build:Building ROS package in '/home/ws/src/linorobot2/linorobot2_bringup' with build type 'ament_cmake'
[0.645s] INFO:colcon.colcon_cmake.task.cmake.build:Building CMake package in '/home/ws/src/linorobot2/linorobot2_bringup'
[0.645s] INFO:colcon.colcon_core.shell:Skip shell extension 'powershell' for command environment: Not usable outside of PowerShell
[0.645s] DEBUG:colcon.colcon_core.shell:Skip shell extension 'dsv' for command environment
[0.653s] DEBUG:colcon.colcon_core.event_handler.log_command:Invoking command in '/home/ws/build/linorobot2_bringup': AMENT_PREFIX_PATH=/home/ws/install/micro_ros_agent:/home/ws/install/micro_ros_msgs:${AMENT_PREFIX_PATH} CMAKE_PREFIX_PATH=/home/ws/install/micro_ros_agent:/home/ws/install/micro_ros_msgs:/opt/ros/jazzy/opt/gz_sim_vendor:/opt/ros/jazzy/opt/gz_sensors_vendor:/opt/ros/jazzy/opt/gz_physics_vendor:/opt/ros/jazzy/opt/sdformat_vendor:/opt/ros/jazzy/opt/gz_gui_vendor:/opt/ros/jazzy/opt/gz_transport_vendor:/opt/ros/jazzy/opt/gz_rendering_vendor:/opt/ros/jazzy/opt/gz_plugin_vendor:/opt/ros/jazzy/opt/gz_fuel_tools_vendor:/opt/ros/jazzy/opt/gz_msgs_vendor:/opt/ros/jazzy/opt/gz_common_vendor:/opt/ros/jazzy/opt/gz_math_vendor:/opt/ros/jazzy/opt/gz_utils_vendor:/opt/ros/jazzy/opt/gz_tools_vendor:/opt/ros/jazzy/opt/gz_ogre_next_vendor:/opt/ros/jazzy/opt/gz_dartsim_vendor:/opt/ros/jazzy/opt/gz_cmake_vendor:/opt/ros/jazzy LD_LIBRARY_PATH=/home/ws/install/micro_ros_agent/lib:/home/ws/install/micro_ros_msgs/lib:${LD_LIBRARY_PATH} PYTHONPATH=/home/ws/install/micro_ros_msgs/lib/python3.12/site-packages:${PYTHONPATH} /usr/bin/cmake --build /home/ws/build/linorobot2_bringup -- -j16 -l16
[0.682s] DEBUG:colcon.colcon_core.event_handler.log_command:Invoked command in '/home/ws/build/linorobot2_bringup' returned '0': AMENT_PREFIX_PATH=/home/ws/install/micro_ros_agent:/home/ws/install/micro_ros_msgs:${AMENT_PREFIX_PATH} CMAKE_PREFIX_PATH=/home/ws/install/micro_ros_agent:/home/ws/install/micro_ros_msgs:/opt/ros/jazzy/opt/gz_sim_vendor:/opt/ros/jazzy/opt/gz_sensors_vendor:/opt/ros/jazzy/opt/gz_physics_vendor:/opt/ros/jazzy/opt/sdformat_vendor:/opt/ros/jazzy/opt/gz_gui_vendor:/opt/ros/jazzy/opt/gz_transport_vendor:/opt/ros/jazzy/opt/gz_rendering_vendor:/opt/ros/jazzy/opt/gz_plugin_vendor:/opt/ros/jazzy/opt/gz_fuel_tools_vendor:/opt/ros/jazzy/opt/gz_msgs_vendor:/opt/ros/jazzy/opt/gz_common_vendor:/opt/ros/jazzy/opt/gz_math_vendor:/opt/ros/jazzy/opt/gz_utils_vendor:/opt/ros/jazzy/opt/gz_tools_vendor:/opt/ros/jazzy/opt/gz_ogre_next_vendor:/opt/ros/jazzy/opt/gz_dartsim_vendor:/opt/ros/jazzy/opt/gz_cmake_vendor:/opt/ros/jazzy LD_LIBRARY_PATH=/home/ws/install/micro_ros_agent/lib:/home/ws/install/micro_ros_msgs/lib:${LD_LIBRARY_PATH} PYTHONPATH=/home/ws/install/micro_ros_msgs/lib/python3.12/site-packages:${PYTHONPATH} /usr/bin/cmake --build /home/ws/build/linorobot2_bringup -- -j16 -l16
[0.683s] DEBUG:colcon.colcon_core.event_handler.log_command:Invoking command in '/home/ws/build/linorobot2_bringup': AMENT_PREFIX_PATH=/home/ws/install/micro_ros_agent:/home/ws/install/micro_ros_msgs:${AMENT_PREFIX_PATH} CMAKE_PREFIX_PATH=/home/ws/install/micro_ros_agent:/home/ws/install/micro_ros_msgs:/opt/ros/jazzy/opt/gz_sim_vendor:/opt/ros/jazzy/opt/gz_sensors_vendor:/opt/ros/jazzy/opt/gz_physics_vendor:/opt/ros/jazzy/opt/sdformat_vendor:/opt/ros/jazzy/opt/gz_gui_vendor:/opt/ros/jazzy/opt/gz_transport_vendor:/opt/ros/jazzy/opt/gz_rendering_vendor:/opt/ros/jazzy/opt/gz_plugin_vendor:/opt/ros/jazzy/opt/gz_fuel_tools_vendor:/opt/ros/jazzy/opt/gz_msgs_vendor:/opt/ros/jazzy/opt/gz_common_vendor:/opt/ros/jazzy/opt/gz_math_vendor:/opt/ros/jazzy/opt/gz_utils_vendor:/opt/ros/jazzy/opt/gz_tools_vendor:/opt/ros/jazzy/opt/gz_ogre_next_vendor:/opt/ros/jazzy/opt/gz_dartsim_vendor:/opt/ros/jazzy/opt/gz_cmake_vendor:/opt/ros/jazzy LD_LIBRARY_PATH=/home/ws/install/micro_ros_agent/lib:/home/ws/install/micro_ros_msgs/lib:${LD_LIBRARY_PATH} PYTHONPATH=/home/ws/install/micro_ros_msgs/lib/python3.12/site-packages:${PYTHONPATH} /usr/bin/cmake --install /home/ws/build/linorobot2_bringup
[0.693s] Level 1:colcon.colcon_core.environment:create_environment_scripts_only(linorobot2_bringup)
[0.693s] Level 1:colcon.colcon_core.environment:checking '/home/ws/install/linorobot2_bringup' for CMake module files
[0.693s] DEBUG:colcon.colcon_core.event_handler.log_command:Invoked command in '/home/ws/build/linorobot2_bringup' returned '0': AMENT_PREFIX_PATH=/home/ws/install/micro_ros_agent:/home/ws/install/micro_ros_msgs:${AMENT_PREFIX_PATH} CMAKE_PREFIX_PATH=/home/ws/install/micro_ros_agent:/home/ws/install/micro_ros_msgs:/opt/ros/jazzy/opt/gz_sim_vendor:/opt/ros/jazzy/opt/gz_sensors_vendor:/opt/ros/jazzy/opt/gz_physics_vendor:/opt/ros/jazzy/opt/sdformat_vendor:/opt/ros/jazzy/opt/gz_gui_vendor:/opt/ros/jazzy/opt/gz_transport_vendor:/opt/ros/jazzy/opt/gz_rendering_vendor:/opt/ros/jazzy/opt/gz_plugin_vendor:/opt/ros/jazzy/opt/gz_fuel_tools_vendor:/opt/ros/jazzy/opt/gz_msgs_vendor:/opt/ros/jazzy/opt/gz_common_vendor:/opt/ros/jazzy/opt/gz_math_vendor:/opt/ros/jazzy/opt/gz_utils_vendor:/opt/ros/jazzy/opt/gz_tools_vendor:/opt/ros/jazzy/opt/gz_ogre_next_vendor:/opt/ros/jazzy/opt/gz_dartsim_vendor:/opt/ros/jazzy/opt/gz_cmake_vendor:/opt/ros/jazzy LD_LIBRARY_PATH=/home/ws/install/micro_ros_agent/lib:/home/ws/install/micro_ros_msgs/lib:${LD_LIBRARY_PATH} PYTHONPATH=/home/ws/install/micro_ros_msgs/lib/python3.12/site-packages:${PYTHONPATH} /usr/bin/cmake --install /home/ws/build/linorobot2_bringup
[0.693s] Level 1:colcon.colcon_core.environment:checking '/home/ws/install/linorobot2_bringup' for CMake config files
[0.693s] Level 1:colcon.colcon_core.shell:create_environment_hook('linorobot2_bringup', 'cmake_prefix_path')
[0.694s] INFO:colcon.colcon_core.shell:Creating environment hook '/home/ws/install/linorobot2_bringup/share/linorobot2_bringup/hook/cmake_prefix_path.ps1'
[0.694s] INFO:colcon.colcon_core.shell:Creating environment descriptor '/home/ws/install/linorobot2_bringup/share/linorobot2_bringup/hook/cmake_prefix_path.dsv'
[0.694s] INFO:colcon.colcon_core.shell:Creating environment hook '/home/ws/install/linorobot2_bringup/share/linorobot2_bringup/hook/cmake_prefix_path.sh'
[0.695s] Level 1:colcon.colcon_core.environment:checking '/home/ws/install/linorobot2_bringup/bin'
[0.695s] Level 1:colcon.colcon_core.environment:checking '/home/ws/install/linorobot2_bringup/lib/pkgconfig/linorobot2_bringup.pc'
[0.695s] Level 1:colcon.colcon_core.environment:checking '/home/ws/install/linorobot2_bringup/lib/python3.12/site-packages'
[0.695s] Level 1:colcon.colcon_core.environment:checking '/home/ws/install/linorobot2_bringup/bin'
[0.695s] INFO:colcon.colcon_core.shell:Creating package script '/home/ws/install/linorobot2_bringup/share/linorobot2_bringup/package.ps1'
[0.696s] INFO:colcon.colcon_core.shell:Creating package descriptor '/home/ws/install/linorobot2_bringup/share/linorobot2_bringup/package.dsv'
[0.696s] INFO:colcon.colcon_core.shell:Creating package script '/home/ws/install/linorobot2_bringup/share/linorobot2_bringup/package.sh'
[0.696s] INFO:colcon.colcon_core.shell:Creating package script '/home/ws/install/linorobot2_bringup/share/linorobot2_bringup/package.bash'
[0.696s] INFO:colcon.colcon_core.shell:Creating package script '/home/ws/install/linorobot2_bringup/share/linorobot2_bringup/package.zsh'
[0.697s] Level 1:colcon.colcon_core.environment:create_file_with_runtime_dependencies(/home/ws/install/linorobot2_bringup/share/colcon-core/packages/linorobot2_bringup)
[0.697s] Level 1:colcon.colcon_core.environment:create_environment_scripts_only(linorobot2_bringup)
[0.697s] Level 1:colcon.colcon_core.environment:checking '/home/ws/install/linorobot2_bringup' for CMake module files
[0.697s] Level 1:colcon.colcon_core.environment:checking '/home/ws/install/linorobot2_bringup' for CMake config files
[0.698s] Level 1:colcon.colcon_core.shell:create_environment_hook('linorobot2_bringup', 'cmake_prefix_path')
[0.698s] INFO:colcon.colcon_core.shell:Creating environment hook '/home/ws/install/linorobot2_bringup/share/linorobot2_bringup/hook/cmake_prefix_path.ps1'
[0.698s] INFO:colcon.colcon_core.shell:Creating environment descriptor '/home/ws/install/linorobot2_bringup/share/linorobot2_bringup/hook/cmake_prefix_path.dsv'
[0.698s] INFO:colcon.colcon_core.shell:Creating environment hook '/home/ws/install/linorobot2_bringup/share/linorobot2_bringup/hook/cmake_prefix_path.sh'
[0.698s] Level 1:colcon.colcon_core.environment:checking '/home/ws/install/linorobot2_bringup/bin'
[0.699s] Level 1:colcon.colcon_core.environment:checking '/home/ws/install/linorobot2_bringup/lib/pkgconfig/linorobot2_bringup.pc'
[0.699s] Level 1:colcon.colcon_core.environment:checking '/home/ws/install/linorobot2_bringup/lib/python3.12/site-packages'
[0.699s] Level 1:colcon.colcon_core.environment:checking '/home/ws/install/linorobot2_bringup/bin'
[0.699s] INFO:colcon.colcon_core.shell:Creating package script '/home/ws/install/linorobot2_bringup/share/linorobot2_bringup/package.ps1'
[0.699s] INFO:colcon.colcon_core.shell:Creating package descriptor '/home/ws/install/linorobot2_bringup/share/linorobot2_bringup/package.dsv'
[0.700s] INFO:colcon.colcon_core.shell:Creating package script '/home/ws/install/linorobot2_bringup/share/linorobot2_bringup/package.sh'
[0.700s] INFO:colcon.colcon_core.shell:Creating package script '/home/ws/install/linorobot2_bringup/share/linorobot2_bringup/package.bash'
[0.700s] INFO:colcon.colcon_core.shell:Creating package script '/home/ws/install/linorobot2_bringup/share/linorobot2_bringup/package.zsh'
[0.701s] Level 1:colcon.colcon_core.environment:create_file_with_runtime_dependencies(/home/ws/install/linorobot2_bringup/share/colcon-core/packages/linorobot2_bringup)
[0.809s] DEBUG:colcon.colcon_core.task.python.build:Available setuptools commands: bdist, upload_docs, egg_info, clean, compile_catalog, symlink_data, bdist_rpm, check, build_ext, build_scripts, build_py, install_scripts, upload, setopt, update_catalog, rotate, sdist, develop, alias, init_catalog, install_headers, install_egg_info, bdist_dumb, test, easy_install, build_clib, build, dist_info, bdist_egg, bdist_wheel, install_lib, saveopts, extract_messages, install_data, editable_wheel, install, register
[0.811s] DEBUG:colcon.colcon_core.event_handler.log_command:Invoking command in '/home/ws/src/linorobot2/linorobot2_gazebo': PYTHONPATH=/home/ws/build/linorobot2_gazebo/prefix_override:/usr/lib/python3/dist-packages/colcon_core/task/python/colcon_distutils_commands:/home/ws/install/linorobot2_gazebo/lib/python3.12/site-packages:${PYTHONPATH} /usr/bin/python3 -W ignore:setup.py install is deprecated -W ignore:easy_install command is deprecated setup.py egg_info --egg-base ../../../build/linorobot2_gazebo build --build-base /home/ws/build/linorobot2_gazebo/build install --record /home/ws/build/linorobot2_gazebo/install.log --install-scripts $base/lib/linorobot2_gazebo --single-version-externally-managed install_data
[1.116s] Level 1:colcon.colcon_core.environment:checking '/home/ws/install/linorobot2_gazebo' for CMake module files
[1.117s] DEBUG:colcon.colcon_core.event_handler.log_command:Invoked command in '/home/ws/src/linorobot2/linorobot2_gazebo' returned '0': PYTHONPATH=/home/ws/build/linorobot2_gazebo/prefix_override:/usr/lib/python3/dist-packages/colcon_core/task/python/colcon_distutils_commands:/home/ws/install/linorobot2_gazebo/lib/python3.12/site-packages:${PYTHONPATH} /usr/bin/python3 -W ignore:setup.py install is deprecated -W ignore:easy_install command is deprecated setup.py egg_info --egg-base ../../../build/linorobot2_gazebo build --build-base /home/ws/build/linorobot2_gazebo/build install --record /home/ws/build/linorobot2_gazebo/install.log --install-scripts $base/lib/linorobot2_gazebo --single-version-externally-managed install_data
[1.117s] Level 1:colcon.colcon_core.environment:checking '/home/ws/install/linorobot2_gazebo' for CMake config files
[1.117s] Level 1:colcon.colcon_core.shell:create_environment_hook('linorobot2_gazebo', 'cmake_prefix_path')
[1.117s] INFO:colcon.colcon_core.shell:Creating environment hook '/home/ws/install/linorobot2_gazebo/share/linorobot2_gazebo/hook/cmake_prefix_path.ps1'
[1.118s] INFO:colcon.colcon_core.shell:Creating environment descriptor '/home/ws/install/linorobot2_gazebo/share/linorobot2_gazebo/hook/cmake_prefix_path.dsv'
[1.118s] INFO:colcon.colcon_core.shell:Creating environment hook '/home/ws/install/linorobot2_gazebo/share/linorobot2_gazebo/hook/cmake_prefix_path.sh'
[1.118s] Level 1:colcon.colcon_core.environment:checking '/home/ws/install/linorobot2_gazebo/lib'
[1.118s] Level 1:colcon.colcon_core.environment:checking '/home/ws/install/linorobot2_gazebo/bin'
[1.118s] Level 1:colcon.colcon_core.environment:checking '/home/ws/install/linorobot2_gazebo/lib/pkgconfig/linorobot2_gazebo.pc'
[1.119s] Level 1:colcon.colcon_core.environment:checking '/home/ws/install/linorobot2_gazebo/lib/python3.12/site-packages'
[1.119s] Level 1:colcon.colcon_core.shell:create_environment_hook('linorobot2_gazebo', 'pythonpath')
[1.119s] INFO:colcon.colcon_core.shell:Creating environment hook '/home/ws/install/linorobot2_gazebo/share/linorobot2_gazebo/hook/pythonpath.ps1'
[1.119s] INFO:colcon.colcon_core.shell:Creating environment descriptor '/home/ws/install/linorobot2_gazebo/share/linorobot2_gazebo/hook/pythonpath.dsv'
[1.119s] INFO:colcon.colcon_core.shell:Creating environment hook '/home/ws/install/linorobot2_gazebo/share/linorobot2_gazebo/hook/pythonpath.sh'
[1.120s] Level 1:colcon.colcon_core.environment:checking '/home/ws/install/linorobot2_gazebo/bin'
[1.120s] Level 1:colcon.colcon_core.environment:create_environment_scripts_only(linorobot2_gazebo)
[1.120s] INFO:colcon.colcon_core.shell:Creating package script '/home/ws/install/linorobot2_gazebo/share/linorobot2_gazebo/package.ps1'
[1.120s] INFO:colcon.colcon_core.shell:Creating package descriptor '/home/ws/install/linorobot2_gazebo/share/linorobot2_gazebo/package.dsv'
[1.120s] INFO:colcon.colcon_core.shell:Creating package script '/home/ws/install/linorobot2_gazebo/share/linorobot2_gazebo/package.sh'
[1.121s] INFO:colcon.colcon_core.shell:Creating package script '/home/ws/install/linorobot2_gazebo/share/linorobot2_gazebo/package.bash'
[1.121s] INFO:colcon.colcon_core.shell:Creating package script '/home/ws/install/linorobot2_gazebo/share/linorobot2_gazebo/package.zsh'
[1.121s] Level 1:colcon.colcon_core.environment:create_file_with_runtime_dependencies(/home/ws/install/linorobot2_gazebo/share/colcon-core/packages/linorobot2_gazebo)
[1.121s] DEBUG:colcon.colcon_parallel_executor.executor.parallel:closing loop
[1.122s] DEBUG:colcon.colcon_parallel_executor.executor.parallel:loop closed
[1.122s] DEBUG:colcon.colcon_parallel_executor.executor.parallel:run_until_complete finished with '0'
[1.122s] DEBUG:colcon.colcon_core.event_reactor:joining thread
[1.126s] INFO:colcon.colcon_core.plugin_system:Skipping extension 'colcon_notification.desktop_notification.notify_send': Could not find 'notify-send'
[1.126s] INFO:colcon.colcon_core.plugin_system:Skipping extension 'colcon_notification.desktop_notification.terminal_notifier': Not used on non-Darwin systems
[1.126s] INFO:colcon.colcon_core.plugin_system:Skipping extension 'colcon_notification.desktop_notification.win32': Not used on non-Windows systems
[1.126s] INFO:colcon.colcon_notification.desktop_notification:Sending desktop notification using 'notify2'
[1.127s] DEBUG:colcon.colcon_notification.desktop_notification.notify2:Failed to initialize notify2: org.freedesktop.DBus.Error.Spawn.ExecFailed: /usr/bin/dbus-launch terminated abnormally without any error message
[1.128s] DEBUG:colcon.colcon_core.event_reactor:joined thread
[1.128s] INFO:colcon.colcon_core.shell:Creating prefix script '/home/ws/install/local_setup.ps1'
[1.129s] INFO:colcon.colcon_core.shell:Creating prefix util module '/home/ws/install/_local_setup_util_ps1.py'
[1.129s] INFO:colcon.colcon_core.shell:Creating prefix chain script '/home/ws/install/setup.ps1'
[1.130s] INFO:colcon.colcon_core.shell:Creating prefix script '/home/ws/install/local_setup.sh'
[1.130s] INFO:colcon.colcon_core.shell:Creating prefix util module '/home/ws/install/_local_setup_util_sh.py'
[1.131s] INFO:colcon.colcon_core.shell:Creating prefix chain script '/home/ws/install/setup.sh'
[1.131s] INFO:colcon.colcon_core.shell:Creating prefix script '/home/ws/install/local_setup.bash'
[1.132s] INFO:colcon.colcon_core.shell:Creating prefix chain script '/home/ws/install/setup.bash'
[1.132s] INFO:colcon.colcon_core.shell:Creating prefix script '/home/ws/install/local_setup.zsh'
[1.132s] INFO:colcon.colcon_core.shell:Creating prefix chain script '/home/ws/install/setup.zsh'
